decade	month	percentage_produced	remaining	produced_last_12_months
1970s	0	0.00	8.26	0.00
1970s	1	0.00	8.26	0.00
1970s	2	0.01	8.26	0.00
1970s	3	0.01	8.26	0.00
1970s	4	0.02	8.26	0.00
1970s	5	0.02	8.26	0.00
1970s	6	0.03	8.26	0.00
1970s	7	0.03	8.26	0.00
1970s	8	0.04	8.26	0.00
1970s	9	0.06	8.26	0.00
1970s	10	0.07	8.25	0.01
1970s	11	0.09	8.25	0.01
1970s	12	0.10	8.25	0.01
1970s	13	0.11	8.25	0.01
1970s	14	0.13	8.25	0.01
1970s	15	0.14	8.25	0.01
1970s	16	0.16	8.25	0.01
1970s	17	0.16	8.25	0.01
1970s	18	0.17	8.25	0.01
1970s	19	0.19	8.24	0.01
1970s	20	0.20	8.24	0.01
1970s	21	0.21	8.24	0.01
1970s	22	0.22	8.24	0.01
1970s	23	0.24	8.24	0.01
1970s	24	0.25	8.24	0.01
1970s	25	0.27	8.24	0.01
1970s	26	0.28	8.24	0.01
1970s	27	0.29	8.24	0.01
1970s	28	0.31	8.23	0.01
1970s	29	0.31	8.23	0.01
1970s	30	0.32	8.23	0.01
1970s	31	0.32	8.23	0.01
1970s	32	0.33	8.23	0.01
1970s	33	0.33	8.23	0.01
1970s	34	0.34	8.23	0.01
1970s	35	0.35	8.23	0.01
1970s	36	0.36	8.23	0.01
1970s	37	0.38	8.23	0.01
1970s	38	0.40	8.23	0.01
1970s	39	0.41	8.23	0.01
1970s	40	0.43	8.22	0.01
1970s	41	0.45	8.22	0.01
1970s	42	0.47	8.22	0.01
1970s	43	0.48	8.22	0.01
1970s	44	0.50	8.22	0.01
1970s	45	0.55	8.21	0.02
1970s	46	0.61	8.21	0.02
1970s	47	0.67	8.20	0.03
1970s	48	0.75	8.20	0.03
1970s	49	0.84	8.19	0.04
1970s	50	0.93	8.18	0.04
1970s	51	1.03	8.17	0.05
1970s	52	1.13	8.17	0.06
1970s	53	1.21	8.16	0.06
1970s	54	1.31	8.15	0.07
1970s	55	1.41	8.14	0.08
1970s	56	1.50	8.14	0.08
1970s	57	1.60	8.13	0.09
1970s	58	1.68	8.12	0.09
1970s	59	1.74	8.12	0.09
1970s	60	1.84	8.11	0.09
1970s	61	1.96	8.10	0.09
1970s	62	2.08	8.09	0.10
1970s	63	2.19	8.08	0.10
1970s	64	2.33	8.07	0.10
1970s	65	2.41	8.06	0.10
1970s	66	2.54	8.05	0.10
1970s	67	2.67	8.04	0.10
1970s	68	2.79	8.03	0.11
1970s	69	2.91	8.02	0.11
1970s	70	2.99	8.01	0.11
1970s	71	3.05	8.01	0.11
1970s	72	3.13	8.00	0.11
1970s	73	3.22	7.99	0.10
1970s	74	3.33	7.99	0.10
1970s	75	3.43	7.98	0.10
1970s	76	3.54	7.97	0.10
1970s	77	3.67	7.96	0.10
1970s	78	3.81	7.95	0.10
1970s	79	3.96	7.93	0.11
1970s	80	4.09	7.92	0.11
1970s	81	4.22	7.91	0.11
1970s	82	4.36	7.90	0.11
1970s	83	4.48	7.89	0.12
1970s	84	4.58	7.88	0.12
1970s	85	4.72	7.87	0.12
1970s	86	4.86	7.86	0.13
1970s	87	4.99	7.85	0.13
1970s	88	5.12	7.84	0.13
1970s	89	5.25	7.83	0.13
1970s	90	5.38	7.82	0.13
1970s	91	5.52	7.80	0.13
1970s	92	5.64	7.79	0.13
1970s	93	5.77	7.78	0.13
1970s	94	5.91	7.77	0.13
1970s	95	6.05	7.76	0.13
1970s	96	6.17	7.75	0.13
1970s	97	6.30	7.74	0.13
1970s	98	6.45	7.73	0.13
1970s	99	6.61	7.71	0.13
1970s	100	6.73	7.70	0.13
1970s	101	6.90	7.69	0.14
1970s	102	7.09	7.67	0.14
1970s	103	7.29	7.66	0.15
1970s	104	7.50	7.64	0.15
1970s	105	7.69	7.62	0.16
1970s	106	7.87	7.61	0.16
1970s	107	8.07	7.59	0.17
1970s	108	8.25	7.58	0.17
1970s	109	8.34	7.57	0.17
1970s	110	8.53	7.56	0.17
1970s	111	8.69	7.54	0.17
1970s	112	8.88	7.53	0.18
1970s	113	9.05	7.51	0.18
1970s	114	9.24	7.50	0.18
1970s	115	9.42	7.48	0.18
1970s	116	9.59	7.47	0.17
1970s	117	9.76	7.45	0.17
1970s	118	9.93	7.44	0.17
1970s	119	10.12	7.42	0.17
1970s	120	10.31	7.41	0.17
1970s	121	10.50	7.39	0.18
1970s	122	10.61	7.38	0.17
1970s	123	10.78	7.37	0.17
1970s	124	10.93	7.36	0.17
1970s	125	11.10	7.34	0.17
1970s	126	11.28	7.33	0.17
1970s	127	11.47	7.31	0.17
1970s	128	11.63	7.30	0.17
1970s	129	11.82	7.28	0.17
1970s	130	12.01	7.27	0.17
1970s	131	12.18	7.25	0.17
1970s	132	12.33	7.24	0.17
1970s	133	12.51	7.23	0.17
1970s	134	12.68	7.21	0.17
1970s	135	12.83	7.20	0.17
1970s	136	12.97	7.19	0.17
1970s	137	13.17	7.17	0.17
1970s	138	13.37	7.16	0.17
1970s	139	13.55	7.14	0.17
1970s	140	13.76	7.12	0.18
1970s	141	13.97	7.11	0.18
1970s	142	14.19	7.09	0.18
1970s	143	14.40	7.07	0.18
1970s	144	14.62	7.05	0.19
1970s	145	14.86	7.03	0.19
1970s	146	15.06	7.02	0.20
1970s	147	15.25	7.00	0.20
1970s	148	15.48	6.98	0.21
1970s	149	15.70	6.96	0.21
1970s	150	15.93	6.94	0.21
1970s	151	16.15	6.93	0.21
1970s	152	16.36	6.91	0.21
1970s	153	16.56	6.89	0.21
1970s	154	16.78	6.87	0.21
1970s	155	17.00	6.86	0.21
1970s	156	17.22	6.84	0.21
1970s	157	17.42	6.82	0.21
1970s	158	17.65	6.80	0.21
1970s	159	17.88	6.78	0.22
1970s	160	18.13	6.76	0.22
1970s	161	18.37	6.74	0.22
1970s	162	18.62	6.72	0.22
1970s	163	18.85	6.70	0.22
1970s	164	19.06	6.69	0.22
1970s	165	19.30	6.67	0.23
1970s	166	19.54	6.65	0.23
1970s	167	19.78	6.63	0.23
1970s	168	19.98	6.61	0.23
1970s	169	20.26	6.59	0.23
1970s	170	20.53	6.56	0.24
1970s	171	20.80	6.54	0.24
1970s	172	21.10	6.52	0.25
1970s	173	21.39	6.49	0.25
1970s	174	21.69	6.47	0.25
1970s	175	21.98	6.44	0.26
1970s	176	22.25	6.42	0.26
1970s	177	22.54	6.40	0.27
1970s	178	22.64	6.39	0.26
1970s	179	22.91	6.37	0.26
1970s	180	23.19	6.34	0.27
1970s	181	23.51	6.32	0.27
1970s	182	23.82	6.29	0.27
1970s	183	24.10	6.27	0.27
1970s	184	24.41	6.24	0.27
1970s	185	24.71	6.22	0.27
1970s	186	25.03	6.19	0.28
1970s	187	25.34	6.17	0.28
1970s	188	25.60	6.15	0.28
1970s	189	25.88	6.12	0.28
1970s	190	26.17	6.10	0.29
1970s	191	26.46	6.07	0.29
1970s	192	26.68	6.06	0.29
1970s	193	26.96	6.03	0.29
1970s	194	27.18	6.01	0.28
1970s	195	27.46	5.99	0.28
1970s	196	27.75	5.97	0.28
1970s	197	28.03	5.94	0.27
1970s	198	28.32	5.92	0.27
1970s	199	28.62	5.90	0.27
1970s	200	28.89	5.87	0.27
1970s	201	29.19	5.85	0.27
1970s	202	29.49	5.82	0.27
1970s	203	29.78	5.80	0.27
1970s	204	30.02	5.78	0.28
1970s	205	30.31	5.76	0.28
1970s	206	30.56	5.74	0.28
1970s	207	30.85	5.71	0.28
1970s	208	31.15	5.69	0.28
1970s	209	31.44	5.66	0.28
1970s	210	31.74	5.64	0.28
1970s	211	32.04	5.61	0.28
1970s	212	32.27	5.59	0.28
1970s	213	32.58	5.57	0.28
1970s	214	32.88	5.54	0.28
1970s	215	33.19	5.52	0.28
1970s	216	33.46	5.50	0.28
1970s	217	33.77	5.47	0.29
1970s	218	34.07	5.45	0.29
1970s	219	34.32	5.43	0.29
1970s	220	34.62	5.40	0.29
1970s	221	34.93	5.37	0.29
1970s	222	35.24	5.35	0.29
1970s	223	35.53	5.33	0.29
1970s	224	35.80	5.30	0.29
1970s	225	36.10	5.28	0.29
1970s	226	36.39	5.25	0.29
1970s	227	36.71	5.23	0.29
1970s	228	37.01	5.20	0.29
1970s	229	37.26	5.18	0.29
1970s	230	37.52	5.16	0.28
1970s	231	37.76	5.14	0.28
1970s	232	38.08	5.11	0.29
1970s	233	38.39	5.09	0.29
1970s	234	38.70	5.06	0.29
1970s	235	39.01	5.04	0.29
1970s	236	39.31	5.01	0.29
1970s	237	39.64	4.99	0.29
1970s	238	39.94	4.96	0.29
1970s	239	40.28	4.93	0.29
1970s	240	40.54	4.91	0.29
1970s	241	40.83	4.89	0.30
1970s	242	41.11	4.86	0.30
1970s	243	41.46	4.84	0.31
1970s	244	41.72	4.81	0.30
1970s	245	41.99	4.79	0.30
1970s	246	42.29	4.77	0.30
1970s	247	42.64	4.74	0.30
1970s	248	42.96	4.71	0.30
1970s	249	43.29	4.68	0.30
1970s	250	43.63	4.66	0.30
1970s	251	43.89	4.63	0.30
1970s	252	44.22	4.61	0.30
1970s	253	44.55	4.58	0.31
1970s	254	44.83	4.56	0.31
1970s	255	45.11	4.53	0.30
1970s	256	45.44	4.51	0.31
1970s	257	45.74	4.48	0.31
1970s	258	46.06	4.46	0.31
1970s	259	46.32	4.43	0.30
1970s	260	46.58	4.41	0.30
1970s	261	46.90	4.39	0.30
1970s	262	47.20	4.36	0.30
1970s	263	47.49	4.34	0.30
1970s	264	47.77	4.31	0.29
1970s	265	48.08	4.29	0.29
1970s	266	48.35	4.27	0.29
1970s	267	48.61	4.25	0.29
1970s	268	48.91	4.22	0.29
1970s	269	49.21	4.20	0.29
1970s	270	49.51	4.17	0.28
1970s	271	49.80	4.15	0.29
1970s	272	50.08	4.12	0.29
1970s	273	50.38	4.10	0.29
1970s	274	50.64	4.08	0.28
1970s	275	50.93	4.05	0.28
1970s	276	51.22	4.03	0.29
1970s	277	51.53	4.00	0.28
1970s	278	51.79	3.98	0.28
1970s	279	52.06	3.96	0.29
1970s	280	52.36	3.94	0.28
1970s	281	52.63	3.91	0.28
1970s	282	52.92	3.89	0.28
1970s	283	53.19	3.87	0.28
1970s	284	53.43	3.85	0.28
1970s	285	53.71	3.82	0.28
1970s	286	53.99	3.80	0.28
1970s	287	54.27	3.78	0.28
1970s	288	54.51	3.76	0.27
1970s	289	54.78	3.74	0.27
1970s	290	55.06	3.71	0.27
1970s	291	55.31	3.69	0.27
1970s	292	55.60	3.67	0.27
1970s	293	55.86	3.65	0.27
1970s	294	56.12	3.62	0.26
1970s	295	56.38	3.60	0.26
1970s	296	56.62	3.58	0.26
1970s	297	56.85	3.56	0.26
1970s	298	57.10	3.54	0.26
1970s	299	57.34	3.52	0.25
1970s	300	57.58	3.50	0.25
1970s	301	57.82	3.48	0.25
1970s	302	58.05	3.47	0.25
1970s	303	58.29	3.44	0.25
1970s	304	58.55	3.42	0.24
1970s	305	58.79	3.40	0.24
1970s	306	59.02	3.39	0.24
1970s	307	59.23	3.37	0.24
1970s	308	59.43	3.35	0.23
1970s	309	59.65	3.33	0.23
1970s	310	59.90	3.31	0.23
1970s	311	60.16	3.29	0.23
1970s	312	60.40	3.27	0.23
1970s	313	60.65	3.25	0.23
1970s	314	60.86	3.23	0.23
1970s	315	61.09	3.21	0.23
1970s	316	61.33	3.19	0.23
1970s	317	61.55	3.18	0.23
1970s	318	61.79	3.16	0.23
1970s	319	62.04	3.14	0.23
1970s	320	62.26	3.12	0.23
1970s	321	62.51	3.10	0.24
1970s	322	62.76	3.08	0.24
1970s	323	62.99	3.06	0.23
1970s	324	63.24	3.04	0.23
1970s	325	63.47	3.02	0.23
1970s	326	63.59	3.01	0.23
1970s	327	63.76	2.99	0.22
1970s	328	63.93	2.98	0.22
1970s	329	64.11	2.96	0.21
1970s	330	64.30	2.95	0.21
1970s	331	64.50	2.93	0.20
1970s	332	64.68	2.92	0.20
1970s	333	64.87	2.90	0.20
1970s	334	65.03	2.89	0.19
1970s	335	65.21	2.87	0.18
1970s	336	65.38	2.86	0.18
1970s	337	65.58	2.84	0.17
1970s	338	65.70	2.83	0.17
1970s	339	65.88	2.82	0.18
1970s	340	66.06	2.80	0.18
1970s	341	66.25	2.79	0.18
1970s	342	66.45	2.77	0.18
1970s	343	66.63	2.76	0.18
1970s	344	66.82	2.74	0.18
1970s	345	67.00	2.73	0.18
1970s	346	67.18	2.71	0.18
1970s	347	67.37	2.70	0.18
1970s	348	67.53	2.68	0.18
1970s	349	67.73	2.67	0.18
1970s	350	67.92	2.65	0.18
1970s	351	68.09	2.64	0.18
1970s	352	68.28	2.62	0.18
1970s	353	68.47	2.60	0.18
1970s	354	68.66	2.59	0.18
1970s	355	68.86	2.57	0.18
1970s	356	69.03	2.56	0.18
1970s	357	69.22	2.54	0.18
1970s	358	69.41	2.53	0.18
1970s	359	69.60	2.51	0.18
1970s	360	69.77	2.50	0.19
1970s	361	69.97	2.48	0.19
1970s	362	70.11	2.47	0.18
1970s	363	70.28	2.45	0.18
1970s	364	70.48	2.44	0.18
1970s	365	70.67	2.42	0.18
1970s	366	70.87	2.41	0.18
1970s	367	71.05	2.39	0.18
1970s	368	71.22	2.38	0.18
1970s	369	71.40	2.36	0.18
1970s	370	71.59	2.35	0.18
1970s	371	71.77	2.33	0.18
1970s	372	71.95	2.32	0.18
1970s	373	72.14	2.30	0.18
1970s	374	72.31	2.29	0.18
1970s	375	72.49	2.27	0.18
1970s	376	72.69	2.26	0.18
1970s	377	72.86	2.24	0.18
1970s	378	73.05	2.23	0.18
1970s	379	73.24	2.21	0.18
1970s	380	73.41	2.20	0.18
1970s	381	73.59	2.18	0.18
1970s	382	73.77	2.17	0.18
1970s	383	73.95	2.15	0.18
1970s	384	74.11	2.14	0.18
1970s	385	74.29	2.12	0.18
1970s	386	74.44	2.11	0.18
1970s	387	74.62	2.10	0.18
1970s	388	74.80	2.08	0.17
1970s	389	74.97	2.07	0.17
1970s	390	75.15	2.05	0.17
1970s	391	75.33	2.04	0.17
1970s	392	75.50	2.02	0.17
1970s	393	75.67	2.01	0.17
1970s	394	75.84	2.00	0.17
1970s	395	76.02	1.98	0.17
1970s	396	76.19	1.97	0.17
1970s	397	76.38	1.95	0.17
1970s	398	76.51	1.94	0.17
1970s	399	76.65	1.93	0.17
1970s	400	76.84	1.91	0.17
1970s	401	77.01	1.90	0.17
1970s	402	77.19	1.88	0.17
1970s	403	77.36	1.87	0.17
1970s	404	77.52	1.86	0.17
1970s	405	77.69	1.84	0.17
1970s	406	77.85	1.83	0.17
1970s	407	78.02	1.82	0.17
1970s	408	78.17	1.80	0.16
1970s	409	78.33	1.79	0.16
1970s	410	78.48	1.78	0.16
1970s	411	78.64	1.76	0.16
1970s	412	78.79	1.75	0.16
1970s	413	78.94	1.74	0.16
1970s	414	79.10	1.73	0.16
1970s	415	79.25	1.71	0.16
1970s	416	79.39	1.70	0.15
1970s	417	79.54	1.69	0.15
1970s	418	79.69	1.68	0.15
1970s	419	79.85	1.66	0.15
1970s	420	79.99	1.65	0.15
1970s	421	80.14	1.64	0.15
1970s	422	80.28	1.63	0.15
1970s	423	80.43	1.62	0.15
1970s	424	80.58	1.60	0.15
1970s	425	80.72	1.59	0.15
1970s	426	80.87	1.58	0.15
1970s	427	81.02	1.57	0.15
1970s	428	81.15	1.56	0.15
1970s	429	81.29	1.55	0.14
1970s	430	81.42	1.53	0.14
1970s	431	81.56	1.52	0.14
1970s	432	81.62	1.52	0.13
1970s	433	81.75	1.51	0.13
1970s	434	81.89	1.50	0.13
1970s	435	82.02	1.49	0.13
1970s	436	82.14	1.48	0.13
1970s	437	82.27	1.46	0.13
1970s	438	82.40	1.45	0.13
1970s	439	82.53	1.44	0.13
1970s	440	82.65	1.43	0.12
1970s	441	82.77	1.42	0.12
1970s	442	82.88	1.41	0.12
1970s	443	83.00	1.40	0.12
1970s	444	83.11	1.40	0.12
1970s	445	83.23	1.39	0.12
1970s	446	83.35	1.37	0.12
1970s	447	83.47	1.37	0.12
1970s	448	83.59	1.36	0.12
1970s	449	83.71	1.35	0.12
1970s	450	83.82	1.34	0.12
1970s	451	83.94	1.33	0.12
1970s	452	84.04	1.32	0.12
1970s	453	84.16	1.31	0.11
1970s	454	84.26	1.30	0.11
1970s	455	84.36	1.29	0.11
1970s	456	84.46	1.28	0.11
1970s	457	84.57	1.27	0.11
1970s	458	84.67	1.27	0.11
1970s	459	84.76	1.26	0.11
1970s	460	84.87	1.25	0.11
1970s	461	84.97	1.24	0.10
1970s	462	85.08	1.23	0.10
1970s	463	85.19	1.22	0.10
1970s	464	85.28	1.22	0.10
1970s	465	85.38	1.21	0.10
1970s	466	85.48	1.20	0.10
1970s	467	85.57	1.19	0.10
1970s	468	85.61	1.19	0.09
1970s	469	85.71	1.18	0.09
1970s	470	85.81	1.17	0.09
1970s	471	85.91	1.16	0.09
1970s	472	86.00	1.16	0.09
1970s	473	86.09	1.15	0.09
1970s	474	86.19	1.14	0.09
1970s	475	86.28	1.13	0.09
1970s	476	86.36	1.13	0.09
1970s	477	86.46	1.12	0.09
1970s	478	86.54	1.11	0.09
1970s	479	86.63	1.10	0.09
1970s	480	86.71	1.10	0.09
1970s	481	86.80	1.09	0.09
1970s	482	86.88	1.08	0.09
1970s	483	86.96	1.08	0.09
1970s	484	87.05	1.07	0.09
1970s	485	87.13	1.06	0.09
1970s	486	87.21	1.06	0.08
1970s	487	87.28	1.05	0.08
1970s	488	87.36	1.04	0.08
1970s	489	87.44	1.04	0.08
1970s	490	87.51	1.03	0.08
1970s	491	87.59	1.03	0.08
1970s	492	87.66	1.02	0.08
1970s	493	87.74	1.01	0.08
1970s	494	87.82	1.01	0.08
1970s	495	87.89	1.00	0.08
1970s	496	87.97	0.99	0.08
1970s	497	88.04	0.99	0.08
1970s	498	88.12	0.98	0.08
1970s	499	88.19	0.98	0.08
1970s	500	88.26	0.97	0.07
1970s	501	88.33	0.96	0.07
1970s	502	88.39	0.96	0.07
1970s	503	88.46	0.95	0.07
1970s	504	88.48	0.95	0.07
1970s	505	88.55	0.95	0.07
1970s	506	88.62	0.94	0.07
1970s	507	88.68	0.93	0.07
1970s	508	88.76	0.93	0.06
1970s	509	88.82	0.92	0.06
1970s	510	88.89	0.92	0.06
1970s	511	88.96	0.91	0.06
1970s	512	89.02	0.91	0.06
1970s	513	89.09	0.90	0.06
1970s	514	89.16	0.90	0.06
1970s	515	89.23	0.89	0.06
1970s	516	89.29	0.88	0.07
1970s	517	89.36	0.88	0.07
1970s	518	89.42	0.87	0.07
1970s	519	89.48	0.87	0.07
1970s	520	89.55	0.86	0.07
1970s	521	89.61	0.86	0.07
1970s	522	89.68	0.85	0.07
1970s	523	89.74	0.85	0.06
1970s	524	89.80	0.84	0.06
1970s	525	89.86	0.84	0.06
1970s	526	89.93	0.83	0.06
1970s	527	89.99	0.83	0.06
1970s	528	90.06	0.82	0.06
1970s	529	90.13	0.82	0.06
1970s	530	90.19	0.81	0.06
1970s	531	90.26	0.80	0.06
1970s	532	90.33	0.80	0.06
1970s	533	90.40	0.79	0.07
1980s	0	0.00	6.78	0.00
1980s	1	0.00	6.78	0.00
1980s	2	0.00	6.78	0.00
1980s	3	0.00	6.78	0.00
1980s	4	0.01	6.78	0.00
1980s	5	0.01	6.78	0.00
1980s	6	0.02	6.78	0.00
1980s	7	0.02	6.78	0.00
1980s	8	0.03	6.78	0.00
1980s	9	0.04	6.78	0.00
1980s	10	0.04	6.78	0.00
1980s	11	0.05	6.78	0.00
1980s	12	0.05	6.78	0.00
1980s	13	0.06	6.78	0.00
1980s	14	0.07	6.78	0.00
1980s	15	0.07	6.78	0.00
1980s	16	0.08	6.78	0.00
1980s	17	0.09	6.78	0.01
1980s	18	0.10	6.78	0.01
1980s	19	0.11	6.78	0.01
1980s	20	0.11	6.78	0.01
1980s	21	0.12	6.78	0.01
1980s	22	0.13	6.78	0.01
1980s	23	0.14	6.78	0.01
1980s	24	0.15	6.77	0.01
1980s	25	0.16	6.77	0.01
1980s	26	0.17	6.77	0.01
1980s	27	0.18	6.77	0.01
1980s	28	0.20	6.77	0.01
1980s	29	0.21	6.77	0.01
1980s	30	0.22	6.77	0.01
1980s	31	0.23	6.77	0.01
1980s	32	0.25	6.77	0.01
1980s	33	0.26	6.77	0.01
1980s	34	0.27	6.77	0.01
1980s	35	0.29	6.76	0.01
1980s	36	0.31	6.76	0.01
1980s	37	0.33	6.76	0.01
1980s	38	0.36	6.76	0.01
1980s	39	0.40	6.76	0.01
1980s	40	0.45	6.75	0.02
1980s	41	0.49	6.75	0.02
1980s	42	0.53	6.75	0.02
1980s	43	0.58	6.75	0.02
1980s	44	0.62	6.74	0.03
1980s	45	0.67	6.74	0.03
1980s	46	0.71	6.74	0.03
1980s	47	0.75	6.73	0.03
1980s	48	0.79	6.73	0.03
1980s	49	0.84	6.73	0.03
1980s	50	0.89	6.72	0.04
1980s	51	0.94	6.72	0.04
1980s	52	0.98	6.72	0.04
1980s	53	1.02	6.72	0.04
1980s	54	1.06	6.71	0.04
1980s	55	1.10	6.71	0.04
1980s	56	1.14	6.71	0.03
1980s	57	1.17	6.71	0.03
1980s	58	1.20	6.70	0.03
1980s	59	1.22	6.70	0.03
1980s	60	1.25	6.70	0.03
1980s	61	1.28	6.70	0.03
1980s	62	1.30	6.70	0.03
1980s	63	1.33	6.69	0.03
1980s	64	1.36	6.69	0.03
1980s	65	1.39	6.69	0.03
1980s	66	1.41	6.69	0.02
1980s	67	1.44	6.69	0.02
1980s	68	1.47	6.68	0.02
1980s	69	1.50	6.68	0.02
1980s	70	1.54	6.68	0.02
1980s	71	1.56	6.68	0.02
1980s	72	1.61	6.67	0.02
1980s	73	1.68	6.67	0.03
1980s	74	1.76	6.66	0.03
1980s	75	1.86	6.66	0.04
1980s	76	1.95	6.65	0.04
1980s	77	2.05	6.65	0.04
1980s	78	2.15	6.64	0.05
1980s	79	2.26	6.63	0.06
1980s	80	2.36	6.62	0.06
1980s	81	2.49	6.62	0.07
1980s	82	2.57	6.61	0.07
1980s	83	2.69	6.60	0.08
1980s	84	2.82	6.59	0.08
1980s	85	2.94	6.59	0.09
1980s	86	3.04	6.58	0.09
1980s	87	3.17	6.57	0.09
1980s	88	3.30	6.56	0.09
1980s	89	3.46	6.55	0.10
1980s	90	3.61	6.54	0.10
1980s	91	3.74	6.53	0.10
1980s	92	3.84	6.52	0.10
1980s	93	4.00	6.51	0.10
1980s	94	4.16	6.50	0.11
1980s	95	4.32	6.49	0.11
1980s	96	4.50	6.48	0.11
1980s	97	4.69	6.47	0.12
1980s	98	4.87	6.45	0.12
1980s	99	5.15	6.44	0.13
1980s	100	5.41	6.42	0.14
1980s	101	5.72	6.40	0.15
1980s	102	6.04	6.37	0.16
1980s	103	6.36	6.35	0.18
1980s	104	6.64	6.33	0.19
1980s	105	6.97	6.31	0.20
1980s	106	7.31	6.29	0.21
1980s	107	7.63	6.27	0.22
1980s	108	7.97	6.24	0.24
1980s	109	8.31	6.22	0.25
1980s	110	8.59	6.20	0.25
1980s	111	8.94	6.18	0.26
1980s	112	9.26	6.16	0.26
1980s	113	9.61	6.13	0.26
1980s	114	9.97	6.11	0.27
1980s	115	10.33	6.08	0.27
1980s	116	10.66	6.06	0.27
1980s	117	10.99	6.04	0.27
1980s	118	11.30	6.02	0.27
1980s	119	11.69	5.99	0.27
1980s	120	12.09	5.96	0.28
1980s	121	12.49	5.94	0.28
1980s	122	12.88	5.91	0.29
1980s	123	13.30	5.88	0.30
1980s	124	13.67	5.86	0.30
1980s	125	14.09	5.83	0.30
1980s	126	14.49	5.80	0.31
1980s	127	14.93	5.77	0.31
1980s	128	15.36	5.74	0.32
1980s	129	15.79	5.71	0.33
1980s	130	16.09	5.69	0.32
1980s	131	16.57	5.66	0.33
1980s	132	17.08	5.63	0.34
1980s	133	17.57	5.59	0.34
1980s	134	18.09	5.56	0.35
1980s	135	18.64	5.52	0.36
1980s	136	19.08	5.49	0.37
1980s	137	19.61	5.45	0.37
1980s	138	20.13	5.42	0.38
1980s	139	20.66	5.38	0.39
1980s	140	21.15	5.35	0.39
1980s	141	21.68	5.31	0.40
1980s	142	22.22	5.28	0.42
1980s	143	22.73	5.24	0.42
1980s	144	23.27	5.21	0.42
1980s	145	23.81	5.17	0.42
1980s	146	24.38	5.13	0.43
1980s	147	24.92	5.09	0.43
1980s	148	25.41	5.06	0.43
1980s	149	26.00	5.02	0.43
1980s	150	26.58	4.98	0.44
1980s	151	27.17	4.94	0.44
1980s	152	27.63	4.91	0.44
1980s	153	28.23	4.87	0.44
1980s	154	28.81	4.83	0.45
1980s	155	29.39	4.79	0.45
1980s	156	29.99	4.75	0.46
1980s	157	30.57	4.71	0.46
1980s	158	31.16	4.67	0.46
1980s	159	31.76	4.63	0.46
1980s	160	32.30	4.59	0.47
1980s	161	32.89	4.55	0.47
1980s	162	33.47	4.51	0.47
1980s	163	34.08	4.47	0.47
1980s	164	34.66	4.43	0.48
1980s	165	35.26	4.39	0.48
1980s	166	35.68	4.36	0.47
1980s	167	36.25	4.32	0.47
1980s	168	36.85	4.28	0.47
1980s	169	37.43	4.25	0.47
1980s	170	38.02	4.20	0.47
1980s	171	38.59	4.17	0.46
1980s	172	39.09	4.13	0.46
1980s	173	39.65	4.09	0.46
1980s	174	40.21	4.06	0.46
1980s	175	40.78	4.02	0.45
1980s	176	41.27	3.98	0.45
1980s	177	41.84	3.95	0.45
1980s	178	42.32	3.91	0.45
1980s	179	42.85	3.88	0.45
1980s	180	43.41	3.84	0.45
1980s	181	43.94	3.80	0.44
1980s	182	44.48	3.77	0.44
1980s	183	45.02	3.73	0.44
1980s	184	45.53	3.70	0.44
1980s	185	46.07	3.66	0.44
1980s	186	46.60	3.62	0.43
1980s	187	47.09	3.59	0.43
1980s	188	47.62	3.55	0.43
1980s	189	48.15	3.52	0.43
1980s	190	48.67	3.48	0.43
1980s	191	49.18	3.45	0.43
1980s	192	49.61	3.42	0.42
1980s	193	50.11	3.38	0.42
1980s	194	50.64	3.35	0.42
1980s	195	51.17	3.31	0.42
1980s	196	51.63	3.28	0.41
1980s	197	52.13	3.25	0.41
1980s	198	52.65	3.21	0.41
1980s	199	53.17	3.18	0.41
1980s	200	53.61	3.15	0.41
1980s	201	54.13	3.11	0.41
1980s	202	54.61	3.08	0.40
1980s	203	55.00	3.05	0.39
1980s	204	55.49	3.02	0.40
1980s	205	55.96	2.99	0.40
1980s	206	56.43	2.96	0.39
1980s	207	56.90	2.92	0.39
1980s	208	57.33	2.89	0.39
1980s	209	57.78	2.86	0.38
1980s	210	58.21	2.84	0.38
1980s	211	58.63	2.81	0.37
1980s	212	59.01	2.78	0.37
1980s	213	59.45	2.75	0.36
1980s	214	59.79	2.73	0.35
1980s	215	60.21	2.70	0.35
1980s	216	60.64	2.67	0.35
1980s	217	61.06	2.64	0.35
1980s	218	61.50	2.61	0.34
1980s	219	61.93	2.58	0.34
1980s	220	62.30	2.56	0.34
1980s	221	62.70	2.53	0.33
1980s	222	63.10	2.50	0.33
1980s	223	63.48	2.48	0.33
1980s	224	63.76	2.46	0.32
1980s	225	64.11	2.44	0.32
1980s	226	64.45	2.41	0.32
1980s	227	64.72	2.39	0.31
1980s	228	65.04	2.37	0.30
1980s	229	65.38	2.35	0.29
1980s	230	65.74	2.32	0.29
1980s	231	66.07	2.30	0.28
1980s	232	66.38	2.28	0.28
1980s	233	66.71	2.26	0.27
1980s	234	66.99	2.24	0.26
1980s	235	67.28	2.22	0.26
1980s	236	67.58	2.20	0.26
1980s	237	67.89	2.18	0.26
1980s	238	68.13	2.16	0.25
1980s	239	68.38	2.15	0.25
1980s	240	68.64	2.13	0.24
1980s	241	68.90	2.11	0.24
1980s	242	69.17	2.09	0.23
1980s	243	69.43	2.07	0.23
1980s	244	69.65	2.06	0.22
1980s	245	69.90	2.04	0.22
1980s	246	70.14	2.03	0.21
1980s	247	70.35	2.01	0.21
1980s	248	70.54	2.00	0.20
1980s	249	70.76	1.98	0.19
1980s	250	70.96	1.97	0.19
1980s	251	71.20	1.95	0.19
1980s	252	71.44	1.94	0.19
1980s	253	71.66	1.92	0.19
1980s	254	71.88	1.91	0.18
1980s	255	72.12	1.89	0.18
1980s	256	72.32	1.88	0.18
1980s	257	72.51	1.86	0.18
1980s	258	72.72	1.85	0.18
1980s	259	72.93	1.84	0.18
1980s	260	73.15	1.82	0.18
1980s	261	73.36	1.81	0.18
1980s	262	73.55	1.79	0.18
1980s	263	73.74	1.78	0.17
1980s	264	73.95	1.77	0.17
1980s	265	74.14	1.75	0.17
1980s	266	74.35	1.74	0.17
1980s	267	74.55	1.73	0.17
1980s	268	74.75	1.71	0.16
1980s	269	74.95	1.70	0.17
1980s	270	75.12	1.69	0.16
1980s	271	75.32	1.67	0.16
1980s	272	75.52	1.66	0.16
1980s	273	75.71	1.65	0.16
1980s	274	75.91	1.63	0.16
1980s	275	76.10	1.62	0.16
1980s	276	76.29	1.61	0.16
1980s	277	76.51	1.59	0.16
1980s	278	76.74	1.58	0.16
1980s	279	76.95	1.56	0.16
1980s	280	77.16	1.55	0.16
1980s	281	77.37	1.54	0.16
1980s	282	77.56	1.52	0.17
1980s	283	77.77	1.51	0.17
1980s	284	77.97	1.49	0.17
1980s	285	78.17	1.48	0.17
1980s	286	78.36	1.47	0.17
1980s	287	78.54	1.46	0.17
1980s	288	78.75	1.44	0.17
1980s	289	78.95	1.43	0.17
1980s	290	79.15	1.41	0.16
1980s	291	79.35	1.40	0.16
1980s	292	79.53	1.39	0.16
1980s	293	79.73	1.37	0.16
1980s	294	79.93	1.36	0.16
1980s	295	80.12	1.35	0.16
1980s	296	80.27	1.34	0.16
1980s	297	80.44	1.33	0.15
1980s	298	80.60	1.32	0.15
1980s	299	80.78	1.30	0.15
1980s	300	80.96	1.29	0.15
1980s	301	81.14	1.28	0.15
1980s	302	81.31	1.27	0.15
1980s	303	81.49	1.26	0.14
1980s	304	81.64	1.25	0.14
1980s	305	81.80	1.23	0.14
1980s	306	81.96	1.22	0.14
1980s	307	82.12	1.21	0.14
1980s	308	82.27	1.20	0.14
1980s	309	82.42	1.19	0.13
1980s	310	82.56	1.18	0.13
1980s	311	82.68	1.18	0.13
1980s	312	82.81	1.17	0.13
1980s	313	82.93	1.16	0.12
1980s	314	83.07	1.15	0.12
1980s	315	83.21	1.14	0.12
1980s	316	83.33	1.13	0.12
1980s	317	83.46	1.12	0.11
1980s	318	83.60	1.11	0.11
1980s	319	83.72	1.10	0.11
1980s	320	83.81	1.10	0.10
1980s	321	83.94	1.09	0.10
1980s	322	84.07	1.08	0.10
1980s	323	84.19	1.07	0.10
1980s	324	84.31	1.06	0.10
1980s	325	84.43	1.06	0.10
1980s	326	84.55	1.05	0.10
1980s	327	84.66	1.04	0.10
1980s	328	84.76	1.03	0.10
1980s	329	84.88	1.03	0.10
1980s	330	84.99	1.02	0.09
1980s	331	85.11	1.01	0.09
1980s	332	85.19	1.00	0.09
1980s	333	85.32	1.00	0.09
1980s	334	85.43	0.99	0.09
1980s	335	85.55	0.98	0.09
1980s	336	85.67	0.97	0.09
1980s	337	85.79	0.96	0.09
1980s	338	85.92	0.96	0.09
1980s	339	86.04	0.95	0.09
1980s	340	86.15	0.94	0.09
1980s	341	86.27	0.93	0.09
1980s	342	86.36	0.93	0.09
1980s	343	86.44	0.92	0.09
1980s	344	86.51	0.91	0.09
1980s	345	86.63	0.91	0.09
1980s	346	86.74	0.90	0.09
1980s	347	86.85	0.89	0.09
1980s	348	86.95	0.89	0.09
1980s	349	87.07	0.88	0.09
1980s	350	87.18	0.87	0.09
1980s	351	87.30	0.86	0.09
1980s	352	87.40	0.85	0.09
1980s	353	87.51	0.85	0.08
1980s	354	87.61	0.84	0.08
1980s	355	87.71	0.83	0.09
1980s	356	87.76	0.83	0.08
1980s	357	87.85	0.82	0.08
1980s	358	87.94	0.82	0.08
1980s	359	88.04	0.81	0.08
1980s	360	88.14	0.80	0.08
1980s	361	88.23	0.80	0.08
1980s	362	88.32	0.79	0.08
1980s	363	88.39	0.79	0.07
1980s	364	88.46	0.78	0.07
1980s	365	88.54	0.78	0.07
1980s	366	88.63	0.77	0.07
1980s	367	88.69	0.77	0.07
1980s	368	88.75	0.76	0.07
1980s	369	88.83	0.76	0.07
1980s	370	88.90	0.75	0.07
1980s	371	88.98	0.75	0.06
1980s	372	89.06	0.74	0.06
1980s	373	89.14	0.74	0.06
1980s	374	89.22	0.73	0.06
1980s	375	89.30	0.73	0.06
1980s	376	89.37	0.72	0.06
1980s	377	89.44	0.72	0.06
1980s	378	89.51	0.71	0.06
1980s	379	89.59	0.71	0.06
1980s	380	89.65	0.70	0.06
1980s	381	89.71	0.70	0.06
1980s	382	89.78	0.69	0.06
1980s	383	89.83	0.69	0.06
1980s	384	89.88	0.69	0.06
1980s	385	89.93	0.68	0.05
1980s	386	89.97	0.68	0.05
1980s	387	90.03	0.68	0.05
1980s	388	90.08	0.67	0.05
1980s	389	90.14	0.67	0.05
1980s	390	90.20	0.66	0.05
1980s	391	90.27	0.66	0.05
1980s	392	90.32	0.66	0.04
1980s	393	90.39	0.65	0.05
1980s	394	90.47	0.65	0.05
1980s	395	90.54	0.64	0.05
1980s	396	90.62	0.64	0.05
1980s	397	90.68	0.63	0.05
1980s	398	90.76	0.63	0.05
1980s	399	90.82	0.62	0.05
1980s	400	90.88	0.62	0.05
1980s	401	90.95	0.61	0.06
1980s	402	91.02	0.61	0.06
1980s	403	91.06	0.61	0.05
1980s	404	91.12	0.60	0.05
1980s	405	91.19	0.60	0.05
1980s	406	91.26	0.59	0.05
1980s	407	91.32	0.59	0.05
1980s	408	91.39	0.58	0.05
1980s	409	91.45	0.58	0.05
1980s	410	91.52	0.58	0.05
1980s	411	91.58	0.57	0.05
1980s	412	91.64	0.57	0.05
1980s	413	91.71	0.56	0.05
1980s	414	91.78	0.56	0.05
1980s	415	91.85	0.55	0.05
1980s	416	91.91	0.55	0.05
1980s	417	91.97	0.54	0.05
1980s	418	92.03	0.54	0.05
1980s	419	92.10	0.54	0.05
1980s	420	92.17	0.53	0.05
1980s	421	92.23	0.53	0.05
1990s	0	0.00	11.47	0.00
1990s	1	0.01	11.47	0.00
1990s	2	0.01	11.47	0.00
1990s	3	0.02	11.47	0.00
1990s	4	0.03	11.47	0.00
1990s	5	0.03	11.47	0.00
1990s	6	0.05	11.47	0.01
1990s	7	0.06	11.46	0.01
1990s	8	0.08	11.46	0.01
1990s	9	0.10	11.46	0.01
1990s	10	0.13	11.46	0.01
1990s	11	0.15	11.45	0.02
1990s	12	0.18	11.45	0.02
1990s	13	0.20	11.45	0.02
1990s	14	0.22	11.45	0.02
1990s	15	0.25	11.44	0.03
1990s	16	0.28	11.44	0.03
1990s	17	0.30	11.44	0.03
1990s	18	0.32	11.44	0.03
1990s	19	0.33	11.43	0.03
1990s	20	0.36	11.43	0.03
1990s	21	0.38	11.43	0.03
1990s	22	0.41	11.43	0.03
1990s	23	0.43	11.42	0.03
1990s	24	0.45	11.42	0.03
1990s	25	0.47	11.42	0.03
1990s	26	0.49	11.42	0.03
1990s	27	0.52	11.41	0.03
1990s	28	0.54	11.41	0.03
1990s	29	0.56	11.41	0.03
1990s	30	0.59	11.40	0.03
1990s	31	0.62	11.40	0.03
1990s	32	0.65	11.40	0.03
1990s	33	0.69	11.39	0.04
1990s	34	0.74	11.39	0.04
1990s	35	0.79	11.38	0.04
1990s	36	0.84	11.38	0.04
1990s	37	0.88	11.37	0.05
1990s	38	0.93	11.36	0.05
1990s	39	0.99	11.36	0.05
1990s	40	1.04	11.35	0.06
1990s	41	1.09	11.35	0.06
1990s	42	1.16	11.34	0.07
1990s	43	1.22	11.33	0.07
1990s	44	1.27	11.33	0.07
1990s	45	1.35	11.32	0.08
1990s	46	1.44	11.31	0.08
1990s	47	1.53	11.30	0.08
1990s	48	1.63	11.28	0.09
1990s	49	1.72	11.27	0.10
1990s	50	1.83	11.26	0.10
1990s	51	1.93	11.25	0.11
1990s	52	2.05	11.24	0.12
1990s	53	2.18	11.22	0.12
1990s	54	2.30	11.21	0.13
1990s	55	2.40	11.20	0.14
1990s	56	2.52	11.18	0.14
1990s	57	2.69	11.16	0.15
1990s	58	2.86	11.14	0.16
1990s	59	3.04	11.12	0.17
1990s	60	3.21	11.10	0.18
1990s	61	3.37	11.08	0.19
1990s	62	3.54	11.07	0.20
1990s	63	3.72	11.05	0.20
1990s	64	3.89	11.03	0.21
1990s	65	4.07	11.01	0.22
1990s	66	4.27	10.98	0.23
1990s	67	4.47	10.96	0.24
1990s	68	4.68	10.94	0.25
1990s	69	4.94	10.91	0.26
1990s	70	5.21	10.87	0.27
1990s	71	5.51	10.84	0.28
1990s	72	5.82	10.80	0.30
1990s	73	6.13	10.77	0.32
1990s	74	6.42	10.74	0.33
1990s	75	6.73	10.70	0.35
1990s	76	7.05	10.66	0.36
1990s	77	7.38	10.62	0.38
1990s	78	7.73	10.58	0.40
1990s	79	8.06	10.55	0.41
1990s	80	8.37	10.51	0.42
1990s	81	8.72	10.47	0.43
1990s	82	9.05	10.43	0.44
1990s	83	9.40	10.39	0.45
1990s	84	9.77	10.35	0.45
1990s	85	10.11	10.31	0.46
1990s	86	10.46	10.27	0.46
1990s	87	10.82	10.23	0.47
1990s	88	11.17	10.19	0.47
1990s	89	11.49	10.15	0.47
1990s	90	11.83	10.11	0.47
1990s	91	12.16	10.08	0.47
1990s	92	12.50	10.04	0.47
1990s	93	12.87	10.00	0.48
1990s	94	13.24	9.95	0.48
1990s	95	13.63	9.91	0.49
1990s	96	14.03	9.86	0.49
1990s	97	14.38	9.82	0.49
1990s	98	14.75	9.78	0.49
1990s	99	15.12	9.74	0.49
1990s	100	15.46	9.70	0.49
1990s	101	15.84	9.65	0.50
1990s	102	16.22	9.61	0.50
1990s	103	16.57	9.57	0.51
1990s	104	16.91	9.53	0.51
1990s	105	17.30	9.49	0.51
1990s	106	17.69	9.44	0.51
1990s	107	18.08	9.40	0.51
1990s	108	18.47	9.35	0.51
1990s	109	18.82	9.31	0.51
1990s	110	19.21	9.27	0.51
1990s	111	19.61	9.22	0.51
1990s	112	20.01	9.18	0.52
1990s	113	20.42	9.13	0.53
1990s	114	20.88	9.08	0.53
1990s	115	21.32	9.03	0.55
1990s	116	21.76	8.98	0.56
1990s	117	22.24	8.92	0.57
1990s	118	22.73	8.86	0.58
1990s	119	23.28	8.80	0.60
1990s	120	23.79	8.74	0.61
1990s	121	24.29	8.69	0.63
1990s	122	24.82	8.62	0.64
1990s	123	25.29	8.57	0.65
1990s	124	25.80	8.51	0.66
1990s	125	26.26	8.46	0.67
1990s	126	26.83	8.39	0.68
1990s	127	27.35	8.33	0.69
1990s	128	27.85	8.28	0.70
1990s	129	28.38	8.22	0.70
1990s	130	28.92	8.15	0.71
1990s	131	29.47	8.09	0.71
1990s	132	30.02	8.03	0.71
1990s	133	30.49	7.97	0.71
1990s	134	31.02	7.91	0.71
1990s	135	31.55	7.85	0.72
1990s	136	32.05	7.80	0.72
1990s	137	32.55	7.74	0.72
1990s	138	33.12	7.67	0.72
1990s	139	33.65	7.61	0.72
1990s	140	34.15	7.55	0.72
1990s	141	34.70	7.49	0.72
1990s	142	35.20	7.43	0.72
1990s	143	35.74	7.37	0.72
1990s	144	36.25	7.31	0.71
1990s	145	36.72	7.26	0.71
1990s	146	37.18	7.21	0.71
1990s	147	37.69	7.15	0.70
1990s	148	38.20	7.09	0.71
1990s	149	38.66	7.04	0.70
1990s	150	39.19	6.98	0.70
1990s	151	39.69	6.92	0.69
1990s	152	40.12	6.87	0.68
1990s	153	40.61	6.81	0.68
1990s	154	41.12	6.75	0.68
1990s	155	41.61	6.70	0.67
1990s	156	42.09	6.64	0.67
1990s	157	42.54	6.59	0.67
1990s	158	43.04	6.53	0.67
1990s	159	43.51	6.48	0.67
1990s	160	43.96	6.43	0.66
1990s	161	44.35	6.38	0.65
1990s	162	44.83	6.33	0.65
1990s	163	45.28	6.28	0.64
1990s	164	45.68	6.23	0.64
1990s	165	46.13	6.18	0.63
1990s	166	46.57	6.13	0.63
1990s	167	47.04	6.07	0.62
1990s	168	47.51	6.02	0.62
1990s	169	47.96	5.97	0.62
1990s	170	48.42	5.92	0.62
1990s	171	48.88	5.86	0.62
1990s	172	49.34	5.81	0.62
1990s	173	49.78	5.76	0.62
1990s	174	50.25	5.71	0.62
1990s	175	50.67	5.66	0.62
1990s	176	51.09	5.61	0.62
1990s	177	51.54	5.56	0.62
1990s	178	51.97	5.51	0.62
1990s	179	52.36	5.47	0.61
1990s	180	52.74	5.42	0.60
1990s	181	53.12	5.38	0.59
1990s	182	53.55	5.33	0.59
1990s	183	53.96	5.28	0.58
1990s	184	54.38	5.23	0.58
1990s	185	54.73	5.19	0.57
1990s	186	55.15	5.14	0.56
1990s	187	55.56	5.10	0.56
1990s	188	55.95	5.05	0.56
1990s	189	56.34	5.01	0.55
1990s	190	56.72	4.96	0.55
1990s	191	57.12	4.92	0.55
1990s	192	57.51	4.87	0.55
1990s	193	57.86	4.83	0.54
1990s	194	58.24	4.79	0.54
1990s	195	58.56	4.75	0.53
1990s	196	58.92	4.71	0.52
1990s	197	59.25	4.67	0.52
1990s	198	59.63	4.63	0.51
1990s	199	59.99	4.59	0.51
1990s	200	60.33	4.55	0.50
1990s	201	60.68	4.51	0.50
1990s	202	61.04	4.47	0.50
1990s	203	61.42	4.43	0.49
1990s	204	61.79	4.38	0.49
1990s	205	62.13	4.34	0.49
1990s	206	62.50	4.30	0.49
1990s	207	62.87	4.26	0.49
1990s	208	63.20	4.22	0.49
1990s	209	63.53	4.18	0.49
1990s	210	63.90	4.14	0.49
1990s	211	64.21	4.11	0.49
1990s	212	64.54	4.07	0.48
1990s	213	64.89	4.03	0.48
1990s	214	65.22	3.99	0.48
1990s	215	65.56	3.95	0.47
1990s	216	65.89	3.91	0.47
1990s	217	66.20	3.88	0.47
1990s	218	66.52	3.84	0.46
1990s	219	66.81	3.81	0.45
1990s	220	67.12	3.77	0.45
1990s	221	67.40	3.74	0.44
1990s	222	67.71	3.70	0.44
1990s	223	67.98	3.67	0.43
1990s	224	68.25	3.64	0.43
1990s	225	68.57	3.61	0.42
1990s	226	68.87	3.57	0.42
1990s	227	69.19	3.54	0.42
1990s	228	69.49	3.50	0.41
1990s	229	69.76	3.47	0.41
1990s	230	70.06	3.43	0.41
1990s	231	70.31	3.41	0.40
1990s	232	70.57	3.38	0.40
1990s	233	70.82	3.35	0.39
1990s	234	71.10	3.32	0.39
1990s	235	71.35	3.29	0.39
1990s	236	71.57	3.26	0.38
1990s	237	71.82	3.23	0.37
1990s	238	72.08	3.20	0.37
1990s	239	72.34	3.17	0.36
1990s	240	72.60	3.14	0.36
1990s	241	72.83	3.12	0.35
1990s	242	73.09	3.09	0.35
1990s	243	73.33	3.06	0.35
1990s	244	73.57	3.03	0.34
1990s	245	73.78	3.01	0.34
1990s	246	74.01	2.98	0.33
1990s	247	74.21	2.96	0.33
1990s	248	74.40	2.94	0.32
1990s	249	74.64	2.91	0.32
1990s	250	74.86	2.88	0.32
1990s	251	75.09	2.86	0.32
1990s	252	75.33	2.83	0.31
1990s	253	75.54	2.81	0.31
1990s	254	75.75	2.78	0.31
1990s	255	75.97	2.76	0.30
1990s	256	76.16	2.73	0.30
1990s	257	76.35	2.71	0.29
1990s	258	76.56	2.69	0.29
1990s	259	76.75	2.67	0.29
1990s	260	76.90	2.65	0.29
1990s	261	77.10	2.63	0.28
1990s	262	77.30	2.60	0.28
1990s	263	77.51	2.58	0.28
1990s	264	77.70	2.56	0.27
1990s	265	77.88	2.54	0.27
1990s	266	78.05	2.52	0.26
1990s	267	78.24	2.50	0.26
1990s	268	78.43	2.47	0.26
1990s	269	78.60	2.46	0.26
1990s	270	78.77	2.44	0.25
1990s	271	78.95	2.42	0.25
1990s	272	79.08	2.40	0.25
1990s	273	79.26	2.38	0.25
1990s	274	79.44	2.36	0.25
1990s	275	79.62	2.34	0.24
1990s	276	79.79	2.32	0.24
1990s	277	79.95	2.30	0.24
1990s	278	80.12	2.28	0.24
1990s	279	80.28	2.26	0.24
1990s	280	80.46	2.24	0.23
1990s	281	80.63	2.22	0.23
1990s	282	80.81	2.20	0.23
1990s	283	80.98	2.18	0.23
1990s	284	81.12	2.17	0.23
1990s	285	81.28	2.15	0.23
1990s	286	81.46	2.13	0.23
1990s	287	81.64	2.11	0.23
1990s	288	81.83	2.08	0.23
1990s	289	82.00	2.07	0.23
1990s	290	82.18	2.04	0.24
1990s	291	82.36	2.02	0.24
1990s	292	82.50	2.01	0.23
1990s	293	82.65	1.99	0.23
1990s	294	82.83	1.97	0.23
1990s	295	83.02	1.95	0.23
1990s	296	83.19	1.93	0.24
1990s	297	83.38	1.91	0.24
1990s	298	83.56	1.89	0.24
1990s	299	83.74	1.86	0.24
1990s	300	83.92	1.84	0.24
1990s	301	84.08	1.83	0.24
1990s	302	84.27	1.80	0.24
1990s	303	84.44	1.78	0.24
1990s	304	84.61	1.77	0.24
1990s	305	84.79	1.75	0.25
1990s	306	84.97	1.72	0.25
1990s	307	85.15	1.70	0.25
1990s	308	85.32	1.68	0.24
1990s	309	85.52	1.66	0.24
1990s	310	85.70	1.64	0.25
2000s	0	0.01	2.17	0.00
2000s	1	0.03	2.17	0.00
2000s	2	0.05	2.17	0.00
2000s	3	0.06	2.17	0.00
2000s	4	0.08	2.17	0.00
2000s	5	0.09	2.17	0.00
2000s	6	0.14	2.16	0.00
2000s	7	0.21	2.16	0.00
2000s	8	0.31	2.16	0.01
2000s	9	0.43	2.16	0.01
2000s	10	0.60	2.15	0.01
2000s	11	0.78	2.15	0.02
2000s	12	0.91	2.15	0.02
2000s	13	1.05	2.15	0.02
2000s	14	1.20	2.14	0.02
2000s	15	1.37	2.14	0.03
2000s	16	1.52	2.14	0.03
2000s	17	1.71	2.13	0.04
2000s	18	1.91	2.13	0.04
2000s	19	2.16	2.12	0.04
2000s	20	2.43	2.12	0.05
2000s	21	2.71	2.11	0.05
2000s	22	3.02	2.10	0.05
2000s	23	3.31	2.10	0.05
2000s	24	3.58	2.09	0.06
2000s	25	3.86	2.08	0.06
2000s	26	4.15	2.08	0.06
2000s	27	4.45	2.07	0.07
2000s	28	4.71	2.07	0.07
2000s	29	4.99	2.06	0.07
2000s	30	5.22	2.05	0.07
2000s	31	5.50	2.05	0.07
2000s	32	5.76	2.04	0.07
2000s	33	6.03	2.04	0.07
2000s	34	6.32	2.03	0.07
2000s	35	6.63	2.02	0.07
2000s	36	6.90	2.02	0.07
2000s	37	7.21	2.01	0.07
2000s	38	7.53	2.00	0.07
2000s	39	7.87	2.00	0.07
2000s	40	8.13	1.99	0.07
2000s	41	8.40	1.99	0.07
2000s	42	8.68	1.98	0.07
2000s	43	9.00	1.97	0.08
2000s	44	9.36	1.97	0.08
2000s	45	9.73	1.96	0.08
2000s	46	10.09	1.95	0.08
2000s	47	10.47	1.94	0.08
2000s	48	10.79	1.93	0.08
2000s	49	11.13	1.93	0.08
2000s	50	11.47	1.92	0.09
2000s	51	11.77	1.91	0.08
2000s	52	12.11	1.91	0.09
2000s	53	12.45	1.90	0.09
2000s	54	12.75	1.89	0.09
2000s	55	13.01	1.89	0.09
2000s	56	13.27	1.88	0.08
2000s	57	13.56	1.87	0.08
2000s	58	13.89	1.87	0.08
2000s	59	14.20	1.86	0.08
2000s	60	14.50	1.85	0.08
2000s	61	14.84	1.85	0.08
2000s	62	15.17	1.84	0.08
2000s	63	15.48	1.83	0.08
2000s	64	15.70	1.83	0.08
2000s	65	16.02	1.82	0.08
2000s	66	16.33	1.81	0.08
2000s	67	16.65	1.81	0.08
2000s	68	16.97	1.80	0.08
2000s	69	17.28	1.79	0.08
2000s	70	17.61	1.79	0.08
2000s	71	17.97	1.78	0.08
2000s	72	18.30	1.77	0.08
2000s	73	18.67	1.76	0.08
2000s	74	18.99	1.76	0.08
2000s	75	19.37	1.75	0.08
2000s	76	19.72	1.74	0.09
2000s	77	20.10	1.73	0.09
2000s	78	20.44	1.72	0.09
2000s	79	20.77	1.72	0.09
2000s	80	21.26	1.71	0.09
2000s	81	21.75	1.70	0.10
2000s	82	22.26	1.69	0.10
2000s	83	22.68	1.68	0.10
2000s	84	23.07	1.67	0.10
2000s	85	23.50	1.66	0.10
2000s	86	23.94	1.65	0.11
2000s	87	24.30	1.64	0.11
2000s	88	24.62	1.63	0.11
2000s	89	25.01	1.63	0.11
2000s	90	25.39	1.62	0.11
2000s	91	25.79	1.61	0.11
2000s	92	26.22	1.60	0.11
2000s	93	26.65	1.59	0.11
2000s	94	27.11	1.58	0.11
2000s	95	27.57	1.57	0.11
2000s	96	28.02	1.56	0.11
2000s	97	28.56	1.55	0.11
2000s	98	29.07	1.54	0.11
2000s	99	29.60	1.53	0.11
2000s	100	30.17	1.51	0.12
2000s	101	30.84	1.50	0.13
2000s	102	31.42	1.49	0.13
2000s	103	31.95	1.48	0.13
2000s	104	32.54	1.46	0.14
2000s	105	33.15	1.45	0.14
2000s	106	33.79	1.44	0.14
2000s	107	34.36	1.42	0.15
2000s	108	35.00	1.41	0.15
2000s	109	35.65	1.40	0.15
2000s	110	36.26	1.38	0.16
2000s	111	36.81	1.37	0.16
2000s	112	37.38	1.36	0.16
2000s	113	38.09	1.34	0.16
2000s	114	38.76	1.33	0.16
2000s	115	39.50	1.31	0.16
2000s	116	40.27	1.29	0.17
2000s	117	40.99	1.28	0.17
2000s	118	41.69	1.26	0.17
2000s	119	42.38	1.25	0.17
2000s	120	43.03	1.24	0.17
2000s	121	43.70	1.22	0.17
2000s	122	44.36	1.21	0.18
2000s	123	45.04	1.19	0.18
2000s	124	45.72	1.18	0.18
2000s	125	46.41	1.16	0.18
2000s	126	47.00	1.15	0.18
2000s	127	47.52	1.14	0.17
2000s	128	48.19	1.12	0.17
2000s	129	48.81	1.11	0.17
2000s	130	49.45	1.10	0.17
2000s	131	50.15	1.08	0.17
2000s	132	50.76	1.07	0.17
2000s	133	51.37	1.05	0.17
2000s	134	51.98	1.04	0.17
2000s	135	52.50	1.03	0.16
2000s	136	53.11	1.02	0.16
2000s	137	53.76	1.00	0.16
2000s	138	54.37	0.99	0.16
2000s	139	55.00	0.98	0.16
2000s	140	55.63	0.96	0.16
2000s	141	56.26	0.95	0.16
2000s	142	56.90	0.93	0.16
2000s	143	57.57	0.92	0.16
2000s	144	58.19	0.91	0.16
2000s	145	58.86	0.89	0.16
2000s	146	59.50	0.88	0.16
2000s	147	60.13	0.86	0.17
2000s	148	60.68	0.85	0.16
2000s	149	61.27	0.84	0.16
2000s	150	61.88	0.83	0.16
2000s	151	62.32	0.82	0.16
2000s	152	62.90	0.80	0.16
2000s	153	63.44	0.79	0.16
2000s	154	64.01	0.78	0.15
2000s	155	64.57	0.77	0.15
2000s	156	65.07	0.76	0.15
2000s	157	65.61	0.75	0.15
2000s	158	66.18	0.73	0.14
2000s	159	66.73	0.72	0.14
2000s	160	67.23	0.71	0.14
2000s	161	67.79	0.70	0.14
2000s	162	68.25	0.69	0.14
2000s	163	68.65	0.68	0.14
2000s	164	69.05	0.67	0.13
2000s	165	69.56	0.66	0.13
2000s	166	70.11	0.65	0.13
2000s	167	70.63	0.64	0.13
2000s	168	71.07	0.63	0.13
2000s	169	71.58	0.62	0.13
2000s	170	72.06	0.61	0.13
2000s	171	72.51	0.60	0.13
2000s	172	72.98	0.59	0.12
2000s	173	73.45	0.58	0.12
2000s	174	73.90	0.57	0.12
2000s	175	74.29	0.56	0.12
2000s	176	74.75	0.55	0.12
2000s	177	75.19	0.54	0.12
2000s	178	75.62	0.53	0.12
2000s	179	76.05	0.52	0.12
2000s	180	76.43	0.51	0.12
2000s	181	76.86	0.50	0.11
2000s	182	77.23	0.49	0.11
2000s	183	77.63	0.48	0.11
2000s	184	78.03	0.48	0.11
2000s	185	78.41	0.47	0.11
2000s	186	78.79	0.46	0.11
2000s	187	79.16	0.45	0.11
2000s	188	79.53	0.44	0.10
2000s	189	79.86	0.44	0.10
2010s	0	0.04	0.68	0.00
2010s	1	0.08	0.68	0.00
2010s	2	0.20	0.68	0.00
2010s	3	0.41	0.68	0.00
2010s	4	0.62	0.68	0.00
2010s	5	0.91	0.67	0.01
2010s	6	1.23	0.67	0.01
2010s	7	1.59	0.67	0.01
2010s	8	1.92	0.67	0.01
2010s	9	2.30	0.66	0.02
2010s	10	2.74	0.66	0.02
2010s	11	3.20	0.66	0.02
2010s	12	3.65	0.65	0.02
2010s	13	4.03	0.65	0.03
2010s	14	4.38	0.65	0.03
2010s	15	4.60	0.65	0.03
2010s	16	4.97	0.65	0.03
2010s	17	5.51	0.64	0.03
2010s	18	6.04	0.64	0.03
2010s	19	6.58	0.63	0.03
2010s	20	7.13	0.63	0.04
2010s	21	7.68	0.63	0.04
2010s	22	8.13	0.62	0.04
2010s	23	8.61	0.62	0.04
2010s	24	8.98	0.62	0.04
2010s	25	9.31	0.62	0.04
2010s	26	9.75	0.61	0.04
2010s	27	10.11	0.61	0.04
2010s	28	10.62	0.61	0.04
2010s	29	11.14	0.60	0.04
2010s	30	11.59	0.60	0.04
2010s	31	12.14	0.60	0.04
2010s	32	12.75	0.59	0.04
2010s	33	13.45	0.59	0.04
2010s	34	14.10	0.58	0.04
2010s	35	14.92	0.58	0.04
2010s	36	15.71	0.57	0.05
2010s	37	16.25	0.57	0.05
2010s	38	17.01	0.56	0.05
2010s	39	17.77	0.56	0.05
2010s	40	18.38	0.55	0.05
2010s	41	19.18	0.55	0.05
2010s	42	19.95	0.54	0.06
2010s	43	20.71	0.54	0.06
2010s	44	21.59	0.53	0.06
2010s	45	22.49	0.53	0.06
2010s	46	23.43	0.52	0.06
2010s	47	24.39	0.51	0.06
2010s	48	25.25	0.51	0.06
2010s	49	26.15	0.50	0.07
2010s	50	27.13	0.50	0.07
2010s	51	28.12	0.49	0.07
2010s	52	29.39	0.48	0.07
2010s	53	30.63	0.47	0.08
2010s	54	31.73	0.46	0.08
2010s	55	32.81	0.46	0.08
2010s	56	34.10	0.45	0.09
2010s	57	35.43	0.44	0.09
2010s	58	36.75	0.43	0.09
2010s	59	38.13	0.42	0.09
2010s	60	39.45	0.41	0.10
2010s	61	40.81	0.40	0.10
2010s	62	42.24	0.39	0.10
2010s	63	43.68	0.38	0.11
All fields	0	0.00	29.36	0.00
All fields	1	0.00	29.36	0.00
All fields	2	0.00	29.36	0.00
All fields	3	0.00	29.36	0.00
All fields	4	0.01	29.36	0.00
All fields	5	0.01	29.36	0.00
All fields	6	0.01	29.36	0.00
All fields	7	0.01	29.36	0.00
All fields	8	0.01	29.36	0.00
All fields	9	0.02	29.36	0.00
All fields	10	0.02	29.36	0.01
All fields	11	0.02	29.36	0.01
All fields	12	0.03	29.36	0.01
All fields	13	0.03	29.35	0.01
All fields	14	0.04	29.35	0.01
All fields	15	0.04	29.35	0.01
All fields	16	0.04	29.35	0.01
All fields	17	0.05	29.35	0.01
All fields	18	0.05	29.35	0.01
All fields	19	0.05	29.35	0.01
All fields	20	0.06	29.35	0.01
All fields	21	0.06	29.35	0.01
All fields	22	0.06	29.35	0.01
All fields	23	0.07	29.34	0.01
All fields	24	0.07	29.34	0.01
All fields	25	0.07	29.34	0.01
All fields	26	0.08	29.34	0.01
All fields	27	0.08	29.34	0.01
All fields	28	0.09	29.34	0.01
All fields	29	0.09	29.34	0.01
All fields	30	0.09	29.34	0.01
All fields	31	0.09	29.34	0.01
All fields	32	0.09	29.34	0.01
All fields	33	0.09	29.34	0.01
All fields	34	0.09	29.34	0.01
All fields	35	0.10	29.33	0.01
All fields	36	0.10	29.33	0.01
All fields	37	0.11	29.33	0.01
All fields	38	0.11	29.33	0.01
All fields	39	0.12	29.33	0.01
All fields	40	0.12	29.33	0.01
All fields	41	0.13	29.33	0.01
All fields	42	0.13	29.32	0.01
All fields	43	0.13	29.32	0.01
All fields	44	0.14	29.32	0.01
All fields	45	0.15	29.32	0.02
All fields	46	0.17	29.31	0.02
All fields	47	0.19	29.31	0.03
All fields	48	0.21	29.30	0.03
All fields	49	0.24	29.29	0.04
All fields	50	0.26	29.29	0.04
All fields	51	0.29	29.28	0.05
All fields	52	0.32	29.27	0.06
All fields	53	0.34	29.26	0.06
All fields	54	0.37	29.26	0.07
All fields	55	0.40	29.25	0.08
All fields	56	0.42	29.24	0.08
All fields	57	0.45	29.23	0.09
All fields	58	0.47	29.23	0.09
All fields	59	0.49	29.22	0.09
All fields	60	0.52	29.21	0.09
All fields	61	0.55	29.20	0.09
All fields	62	0.59	29.19	0.10
All fields	63	0.62	29.18	0.10
All fields	64	0.65	29.17	0.10
All fields	65	0.68	29.16	0.10
All fields	66	0.72	29.15	0.10
All fields	67	0.75	29.14	0.10
All fields	68	0.78	29.13	0.11
All fields	69	0.82	29.12	0.11
All fields	70	0.84	29.12	0.11
All fields	71	0.86	29.11	0.11
All fields	72	0.88	29.11	0.11
All fields	73	0.91	29.10	0.10
All fields	74	0.94	29.09	0.10
All fields	75	0.96	29.08	0.10
All fields	76	1.00	29.07	0.10
All fields	77	1.03	29.06	0.10
All fields	78	1.07	29.05	0.10
All fields	79	1.11	29.04	0.11
All fields	80	1.15	29.03	0.11
All fields	81	1.19	29.01	0.11
All fields	82	1.23	29.00	0.11
All fields	83	1.26	28.99	0.12
All fields	84	1.29	28.98	0.12
All fields	85	1.33	28.97	0.12
All fields	86	1.37	28.96	0.13
All fields	87	1.40	28.95	0.13
All fields	88	1.44	28.94	0.13
All fields	89	1.48	28.93	0.13
All fields	90	1.51	28.92	0.13
All fields	91	1.55	28.91	0.13
All fields	92	1.59	28.90	0.13
All fields	93	1.62	28.89	0.13
All fields	94	1.66	28.88	0.13
All fields	95	1.70	28.86	0.13
All fields	96	1.74	28.85	0.13
All fields	97	1.77	28.84	0.13
All fields	98	1.81	28.83	0.13
All fields	99	1.86	28.82	0.13
All fields	100	1.89	28.81	0.13
All fields	101	1.94	28.79	0.14
All fields	102	2.00	28.78	0.14
All fields	103	2.05	28.76	0.15
All fields	104	2.11	28.74	0.15
All fields	105	2.16	28.73	0.16
All fields	106	2.21	28.71	0.16
All fields	107	2.27	28.70	0.17
All fields	108	2.32	28.68	0.17
All fields	109	2.35	28.67	0.17
All fields	110	2.40	28.66	0.17
All fields	111	2.45	28.65	0.17
All fields	112	2.50	28.63	0.18
All fields	113	2.55	28.62	0.18
All fields	114	2.60	28.60	0.18
All fields	115	2.65	28.58	0.18
All fields	116	2.70	28.57	0.17
All fields	117	2.75	28.56	0.17
All fields	118	2.80	28.54	0.17
All fields	119	2.85	28.53	0.17
All fields	120	2.91	28.51	0.17
All fields	121	2.96	28.49	0.18
All fields	122	3.00	28.48	0.18
All fields	123	3.04	28.47	0.18
All fields	124	3.09	28.46	0.17
All fields	125	3.14	28.44	0.17
All fields	126	3.19	28.43	0.17
All fields	127	3.24	28.41	0.17
All fields	128	3.29	28.40	0.17
All fields	129	3.34	28.38	0.17
All fields	130	3.40	28.37	0.18
All fields	131	3.45	28.35	0.18
All fields	132	3.49	28.34	0.17
All fields	133	3.55	28.32	0.17
All fields	134	3.60	28.31	0.18
All fields	135	3.64	28.29	0.18
All fields	136	3.68	28.28	0.18
All fields	137	3.74	28.27	0.18
All fields	138	3.80	28.25	0.18
All fields	139	3.86	28.23	0.18
All fields	140	3.91	28.21	0.18
All fields	141	3.98	28.20	0.19
All fields	142	4.04	28.18	0.19
All fields	143	4.11	28.16	0.19
All fields	144	4.17	28.14	0.20
All fields	145	4.24	28.12	0.20
All fields	146	4.30	28.10	0.21
All fields	147	4.36	28.08	0.21
All fields	148	4.43	28.06	0.22
All fields	149	4.49	28.04	0.22
All fields	150	4.56	28.02	0.22
All fields	151	4.64	28.00	0.23
All fields	152	4.70	27.98	0.23
All fields	153	4.77	27.96	0.23
All fields	154	4.84	27.94	0.23
All fields	155	4.92	27.92	0.24
All fields	156	4.99	27.90	0.24
All fields	157	5.06	27.88	0.24
All fields	158	5.13	27.86	0.24
All fields	159	5.20	27.84	0.25
All fields	160	5.28	27.81	0.25
All fields	161	5.36	27.79	0.26
All fields	162	5.44	27.76	0.26
All fields	163	5.52	27.74	0.26
All fields	164	5.59	27.72	0.26
All fields	165	5.66	27.70	0.26
All fields	166	5.74	27.68	0.26
All fields	167	5.82	27.66	0.26
All fields	168	5.88	27.64	0.26
All fields	169	5.97	27.61	0.27
All fields	170	6.05	27.59	0.27
All fields	171	6.13	27.56	0.27
All fields	172	6.22	27.54	0.28
All fields	173	6.31	27.51	0.28
All fields	174	6.40	27.48	0.28
All fields	175	6.49	27.46	0.29
All fields	176	6.57	27.43	0.29
All fields	177	6.66	27.41	0.29
All fields	178	6.69	27.40	0.28
All fields	179	6.78	27.37	0.28
All fields	180	6.86	27.35	0.29
All fields	181	6.96	27.32	0.29
All fields	182	7.06	27.29	0.30
All fields	183	7.14	27.27	0.30
All fields	184	7.24	27.24	0.30
All fields	185	7.34	27.21	0.30
All fields	186	7.45	27.18	0.31
All fields	187	7.56	27.14	0.31
All fields	188	7.65	27.12	0.32
All fields	189	7.75	27.09	0.32
All fields	190	7.86	27.06	0.34
All fields	191	7.97	27.02	0.35
All fields	192	8.05	27.00	0.35
All fields	193	8.16	26.97	0.35
All fields	194	8.24	26.94	0.35
All fields	195	8.34	26.91	0.35
All fields	196	8.46	26.88	0.36
All fields	197	8.56	26.85	0.36
All fields	198	8.67	26.82	0.36
All fields	199	8.78	26.78	0.36
All fields	200	8.89	26.75	0.36
All fields	201	9.01	26.72	0.37
All fields	202	9.13	26.68	0.37
All fields	203	9.24	26.65	0.37
All fields	204	9.33	26.62	0.38
All fields	205	9.45	26.59	0.38
All fields	206	9.56	26.56	0.39
All fields	207	9.68	26.52	0.39
All fields	208	9.80	26.48	0.40
All fields	209	9.93	26.45	0.40
All fields	210	10.05	26.41	0.41
All fields	211	10.20	26.37	0.42
All fields	212	10.33	26.33	0.42
All fields	213	10.49	26.28	0.43
All fields	214	10.65	26.24	0.45
All fields	215	10.80	26.19	0.46
All fields	216	10.95	26.15	0.47
All fields	217	11.11	26.10	0.49
All fields	218	11.27	26.05	0.50
All fields	219	11.42	26.01	0.51
All fields	220	11.58	25.96	0.52
All fields	221	11.75	25.91	0.53
All fields	222	11.90	25.87	0.54
All fields	223	12.06	25.82	0.55
All fields	224	12.21	25.78	0.55
All fields	225	12.38	25.73	0.56
All fields	226	12.55	25.68	0.56
All fields	227	12.72	25.63	0.56
All fields	228	12.89	25.58	0.57
All fields	229	13.04	25.53	0.57
All fields	230	13.19	25.49	0.56
All fields	231	13.35	25.44	0.57
All fields	232	13.54	25.39	0.58
All fields	233	13.73	25.33	0.58
All fields	234	13.92	25.28	0.59
All fields	235	14.12	25.22	0.60
All fields	236	14.30	25.17	0.61
All fields	237	14.49	25.11	0.62
All fields	238	14.68	25.05	0.63
All fields	239	14.89	24.99	0.64
All fields	240	15.07	24.94	0.64
All fields	241	15.26	24.88	0.65
All fields	242	15.41	24.84	0.65
All fields	243	15.63	24.77	0.67
All fields	244	15.83	24.71	0.67
All fields	245	16.03	24.66	0.67
All fields	246	16.25	24.59	0.68
All fields	247	16.48	24.53	0.69
All fields	248	16.68	24.47	0.70
All fields	249	16.90	24.40	0.71
All fields	250	17.13	24.33	0.72
All fields	251	17.33	24.27	0.72
All fields	252	17.55	24.21	0.73
All fields	253	17.77	24.15	0.74
All fields	254	17.99	24.08	0.76
All fields	255	18.20	24.02	0.75
All fields	256	18.43	23.95	0.76
All fields	257	18.66	23.88	0.77
All fields	258	18.90	23.81	0.78
All fields	259	19.11	23.75	0.77
All fields	260	19.32	23.69	0.78
All fields	261	19.57	23.62	0.78
All fields	262	19.81	23.55	0.79
All fields	263	20.05	23.48	0.80
All fields	264	20.25	23.42	0.79
All fields	265	20.50	23.34	0.80
All fields	266	20.74	23.27	0.81
All fields	267	20.96	23.21	0.81
All fields	268	21.22	23.13	0.82
All fields	269	21.47	23.06	0.83
All fields	270	21.73	22.98	0.83
All fields	271	21.98	22.91	0.84
All fields	272	22.22	22.84	0.85
All fields	273	22.49	22.76	0.86
All fields	274	22.73	22.69	0.86
All fields	275	23.00	22.61	0.87
All fields	276	23.27	22.53	0.89
All fields	277	23.54	22.45	0.89
All fields	278	23.75	22.39	0.89
All fields	279	24.01	22.31	0.90
All fields	280	24.29	22.23	0.90
All fields	281	24.57	22.15	0.91
All fields	282	24.86	22.06	0.92
All fields	283	25.13	21.98	0.92
All fields	284	25.38	21.91	0.93
All fields	285	25.65	21.83	0.93
All fields	286	25.93	21.75	0.94
All fields	287	26.21	21.67	0.94
All fields	288	26.46	21.59	0.94
All fields	289	26.75	21.51	0.94
All fields	290	27.01	21.43	0.96
All fields	291	27.29	21.35	0.96
All fields	292	27.60	21.26	0.97
All fields	293	27.90	21.17	0.98
All fields	294	28.22	21.08	0.99
All fields	295	28.53	20.98	1.00
All fields	296	28.84	20.90	1.02
All fields	297	29.14	20.81	1.02
All fields	298	29.46	20.71	1.04
All fields	299	29.77	20.62	1.04
All fields	300	30.08	20.53	1.06
All fields	301	30.41	20.43	1.08
All fields	302	30.72	20.34	1.09
All fields	303	31.03	20.25	1.10
All fields	304	31.34	20.16	1.10
All fields	305	31.65	20.07	1.10
All fields	306	31.98	19.97	1.10
All fields	307	32.30	19.88	1.11
All fields	308	32.60	19.79	1.10
All fields	309	32.91	19.70	1.11
All fields	310	33.24	19.60	1.11
All fields	311	33.57	19.51	1.12
All fields	312	33.86	19.42	1.11
All fields	313	34.19	19.32	1.11
All fields	314	34.49	19.24	1.11
All fields	315	34.77	19.15	1.10
All fields	316	35.10	19.06	1.11
All fields	317	35.42	18.96	1.11
All fields	318	35.75	18.87	1.11
All fields	319	36.08	18.77	1.11
All fields	320	36.38	18.68	1.11
All fields	321	36.70	18.59	1.11
All fields	322	37.01	18.50	1.11
All fields	323	37.31	18.41	1.10
All fields	324	37.61	18.32	1.10
All fields	325	37.93	18.23	1.10
All fields	326	38.18	18.15	1.08
All fields	327	38.46	18.07	1.08
All fields	328	38.76	17.98	1.07
All fields	329	39.05	17.90	1.07
All fields	330	39.36	17.81	1.06
All fields	331	39.67	17.72	1.05
All fields	332	39.94	17.64	1.05
All fields	333	40.24	17.55	1.04
All fields	334	40.53	17.46	1.03
All fields	335	40.83	17.38	1.03
All fields	336	41.10	17.30	1.02
All fields	337	41.42	17.20	1.02
All fields	338	41.70	17.12	1.04
All fields	339	41.99	17.03	1.04
All fields	340	42.30	16.94	1.04
All fields	341	42.62	16.85	1.05
All fields	342	42.97	16.74	1.06
All fields	343	43.30	16.65	1.07
All fields	344	43.62	16.55	1.08
All fields	345	43.96	16.46	1.09
All fields	346	44.26	16.37	1.09
All fields	347	44.58	16.27	1.10
All fields	348	44.88	16.19	1.11
All fields	349	45.23	16.08	1.12
All fields	350	45.54	15.99	1.13
All fields	351	45.85	15.90	1.13
All fields	352	46.18	15.80	1.14
All fields	353	46.51	15.71	1.14
All fields	354	46.85	15.61	1.14
All fields	355	47.20	15.50	1.14
All fields	356	47.49	15.42	1.14
All fields	357	47.82	15.32	1.13
All fields	358	48.15	15.23	1.14
All fields	359	48.46	15.14	1.14
All fields	360	48.75	15.05	1.14
All fields	361	49.10	14.95	1.14
All fields	362	49.40	14.86	1.13
All fields	363	49.72	14.76	1.14
All fields	364	50.07	14.66	1.14
All fields	365	50.39	14.57	1.14
All fields	366	50.73	14.47	1.14
All fields	367	51.05	14.37	1.13
All fields	368	51.35	14.28	1.13
All fields	369	51.65	14.20	1.12
All fields	370	51.97	14.10	1.12
All fields	371	52.29	14.01	1.13
All fields	372	52.59	13.92	1.13
All fields	373	52.92	13.82	1.12
All fields	374	53.23	13.73	1.12
All fields	375	53.51	13.65	1.11
All fields	376	53.82	13.56	1.10
All fields	377	54.14	13.47	1.10
All fields	378	54.45	13.38	1.09
All fields	379	54.76	13.28	1.09
All fields	380	55.05	13.20	1.08
All fields	381	55.37	13.11	1.09
All fields	382	55.66	13.02	1.08
All fields	383	55.96	12.93	1.08
All fields	384	56.22	12.85	1.07
All fields	385	56.52	12.77	1.06
All fields	386	56.81	12.68	1.05
All fields	387	57.08	12.60	1.05
All fields	388	57.38	12.51	1.04
All fields	389	57.68	12.43	1.04
All fields	390	57.99	12.33	1.04
All fields	391	58.30	12.24	1.04
All fields	392	58.60	12.16	1.04
All fields	393	58.90	12.07	1.04
All fields	394	59.20	11.98	1.04
All fields	395	59.50	11.89	1.04
All fields	396	59.79	11.81	1.05
All fields	397	60.10	11.72	1.05
All fields	398	60.37	11.64	1.04
All fields	399	60.63	11.56	1.04
All fields	400	60.93	11.47	1.04
All fields	401	61.21	11.39	1.04
All fields	402	61.48	11.31	1.02
All fields	403	61.75	11.23	1.01
All fields	404	62.00	11.16	1.00
All fields	405	62.29	11.07	1.00
All fields	406	62.57	10.99	0.99
All fields	407	62.85	10.91	0.98
All fields	408	63.08	10.84	0.96
All fields	409	63.35	10.76	0.95
All fields	410	63.61	10.68	0.95
All fields	411	63.87	10.61	0.95
All fields	412	64.13	10.53	0.94
All fields	413	64.39	10.46	0.93
All fields	414	64.65	10.38	0.93
All fields	415	64.92	10.30	0.93
All fields	416	65.15	10.23	0.92
All fields	417	65.41	10.16	0.91
All fields	418	65.63	10.09	0.90
All fields	419	65.88	10.02	0.89
All fields	420	66.11	9.95	0.89
All fields	421	66.36	9.88	0.89
All fields	422	66.60	9.81	0.88
All fields	423	66.83	9.74	0.87
All fields	424	67.07	9.67	0.86
All fields	425	67.32	9.60	0.86
All fields	426	67.58	9.52	0.86
All fields	427	67.83	9.45	0.86
All fields	428	68.06	9.38	0.85
All fields	429	68.31	9.31	0.85
All fields	430	68.55	9.24	0.86
All fields	431	68.77	9.17	0.85
All fields	432	68.96	9.11	0.84
All fields	433	69.20	9.04	0.83
All fields	434	69.42	8.98	0.83
All fields	435	69.64	8.91	0.83
All fields	436	69.87	8.85	0.82
All fields	437	70.10	8.78	0.82
All fields	438	70.33	8.71	0.81
All fields	439	70.56	8.65	0.80
All fields	440	70.76	8.58	0.79
All fields	441	70.99	8.52	0.79
All fields	442	71.20	8.46	0.78
All fields	443	71.42	8.39	0.78
All fields	444	71.62	8.33	0.78
All fields	445	71.85	8.26	0.78
All fields	446	72.07	8.20	0.78
All fields	447	72.27	8.14	0.77
All fields	448	72.50	8.07	0.77
All fields	449	72.72	8.01	0.77
All fields	450	72.96	7.94	0.77
All fields	451	73.18	7.88	0.77
All fields	452	73.38	7.82	0.77
All fields	453	73.61	7.75	0.77
All fields	454	73.80	7.69	0.77
All fields	455	73.99	7.64	0.76
All fields	456	74.17	7.58	0.75
All fields	457	74.39	7.52	0.75
All fields	458	74.59	7.46	0.74
All fields	459	74.78	7.40	0.74
All fields	460	75.00	7.34	0.73
All fields	461	75.21	7.28	0.73
All fields	462	75.42	7.22	0.72
All fields	463	75.63	7.16	0.72
All fields	464	75.81	7.10	0.71
All fields	465	76.02	7.04	0.71
All fields	466	76.21	6.99	0.71
All fields	467	76.40	6.93	0.71
All fields	468	76.56	6.88	0.70
All fields	469	76.75	6.83	0.69
All fields	470	76.92	6.78	0.68
All fields	471	77.08	6.73	0.68
All fields	472	77.28	6.67	0.67
All fields	473	77.46	6.62	0.66
All fields	474	77.65	6.56	0.66
All fields	475	77.85	6.51	0.65
All fields	476	78.02	6.45	0.65
All fields	477	78.20	6.40	0.64
All fields	478	78.38	6.35	0.64
All fields	479	78.55	6.30	0.63
All fields	480	78.71	6.25	0.63
All fields	481	78.89	6.20	0.63
All fields	482	79.06	6.15	0.63
All fields	483	79.22	6.10	0.63
All fields	484	79.40	6.05	0.62
All fields	485	79.57	6.00	0.62
All fields	486	79.74	5.95	0.61
All fields	487	79.92	5.90	0.61
All fields	488	80.08	5.85	0.61
All fields	489	80.25	5.80	0.60
All fields	490	80.42	5.75	0.60
All fields	491	80.60	5.70	0.60
All fields	492	80.75	5.65	0.60
All fields	493	80.91	5.61	0.59
All fields	494	81.07	5.56	0.59
All fields	495	81.19	5.52	0.58
All fields	496	81.35	5.48	0.57
All fields	497	81.50	5.43	0.57
All fields	498	81.65	5.39	0.56
All fields	499	81.81	5.34	0.55
All fields	500	81.95	5.30	0.55
All fields	501	82.10	5.26	0.54
All fields	502	82.25	5.21	0.54
All fields	503	82.41	5.16	0.53
All fields	504	82.55	5.12	0.53
All fields	505	82.71	5.08	0.53
All fields	506	82.87	5.03	0.53
All fields	507	83.00	4.99	0.53
All fields	508	83.15	4.95	0.53
All fields	509	83.31	4.90	0.53
All fields	510	83.47	4.85	0.53
All fields	511	83.64	4.80	0.54
All fields	512	83.78	4.76	0.54
All fields	513	83.95	4.71	0.54
All fields	514	84.11	4.67	0.54
All fields	515	84.25	4.63	0.54
All fields	516	84.39	4.58	0.54
All fields	517	84.55	4.54	0.54
All fields	518	84.71	4.49	0.54
All fields	519	84.86	4.44	0.55
All fields	520	85.03	4.40	0.55
All fields	521	85.19	4.35	0.55
All fields	522	85.35	4.30	0.55
All fields	523	85.51	4.25	0.55
All fields	524	85.66	4.21	0.55
All fields	525	85.82	4.16	0.55
All fields	526	85.98	4.12	0.55
All fields	527	86.14	4.07	0.56
All fields	528	86.30	4.02	0.56
All fields	529	86.47	3.97	0.56
All fields	530	86.63	3.92	0.56
All fields	531	86.79	3.88	0.57
All fields	532	86.96	3.83	0.57
All fields	533	87.13	3.78	0.57
