decade	month	percentage_produced
1970s	0	0.00
1970s	1	0.00
1970s	2	0.01
1970s	3	0.01
1970s	4	0.02
1970s	5	0.02
1970s	6	0.03
1970s	7	0.03
1970s	8	0.04
1970s	9	0.05
1970s	10	0.07
1970s	11	0.08
1970s	12	0.10
1970s	13	0.11
1970s	14	0.13
1970s	15	0.14
1970s	16	0.16
1970s	17	0.16
1970s	18	0.17
1970s	19	0.19
1970s	20	0.20
1970s	21	0.21
1970s	22	0.22
1970s	23	0.24
1970s	24	0.25
1970s	25	0.26
1970s	26	0.28
1970s	27	0.29
1970s	28	0.31
1970s	29	0.31
1970s	30	0.31
1970s	31	0.31
1970s	32	0.32
1970s	33	0.33
1970s	34	0.33
1970s	35	0.34
1970s	36	0.36
1970s	37	0.38
1970s	38	0.39
1970s	39	0.41
1970s	40	0.43
1970s	41	0.45
1970s	42	0.47
1970s	43	0.47
1970s	44	0.50
1970s	45	0.55
1970s	46	0.60
1970s	47	0.66
1970s	48	0.74
1970s	49	0.84
1970s	50	0.92
1970s	51	1.02
1970s	52	1.12
1970s	53	1.20
1970s	54	1.30
1970s	55	1.39
1970s	56	1.49
1970s	57	1.59
1970s	58	1.66
1970s	59	1.72
1970s	60	1.83
1970s	61	1.94
1970s	62	2.07
1970s	63	2.18
1970s	64	2.31
1970s	65	2.39
1970s	66	2.52
1970s	67	2.65
1970s	68	2.76
1970s	69	2.88
1970s	70	2.97
1970s	71	3.03
1970s	72	3.10
1970s	73	3.20
1970s	74	3.30
1970s	75	3.40
1970s	76	3.52
1970s	77	3.64
1970s	78	3.78
1970s	79	3.93
1970s	80	4.06
1970s	81	4.19
1970s	82	4.32
1970s	83	4.45
1970s	84	4.55
1970s	85	4.68
1970s	86	4.82
1970s	87	4.95
1970s	88	5.08
1970s	89	5.21
1970s	90	5.34
1970s	91	5.47
1970s	92	5.60
1970s	93	5.72
1970s	94	5.86
1970s	95	6.00
1970s	96	6.12
1970s	97	6.25
1970s	98	6.40
1970s	99	6.55
1970s	100	6.68
1970s	101	6.85
1970s	102	7.04
1970s	103	7.24
1970s	104	7.44
1970s	105	7.63
1970s	106	7.81
1970s	107	8.00
1970s	108	8.19
1970s	109	8.28
1970s	110	8.46
1970s	111	8.63
1970s	112	8.81
1970s	113	8.98
1970s	114	9.17
1970s	115	9.35
1970s	116	9.51
1970s	117	9.69
1970s	118	9.85
1970s	119	10.04
1970s	120	10.23
1970s	121	10.41
1970s	122	10.53
1970s	123	10.70
1970s	124	10.84
1970s	125	11.02
1970s	126	11.19
1970s	127	11.38
1970s	128	11.54
1970s	129	11.72
1970s	130	11.91
1970s	131	12.08
1970s	132	12.23
1970s	133	12.41
1970s	134	12.58
1970s	135	12.73
1970s	136	12.87
1970s	137	13.06
1970s	138	13.26
1970s	139	13.45
1970s	140	13.65
1970s	141	13.87
1970s	142	14.08
1970s	143	14.29
1970s	144	14.51
1970s	145	14.74
1970s	146	14.94
1970s	147	15.14
1970s	148	15.36
1970s	149	15.57
1970s	150	15.80
1970s	151	16.02
1970s	152	16.23
1970s	153	16.43
1970s	154	16.65
1970s	155	16.87
1970s	156	17.08
1970s	157	17.29
1970s	158	17.51
1970s	159	17.74
1970s	160	17.99
1970s	161	18.23
1970s	162	18.48
1970s	163	18.70
1970s	164	18.91
1970s	165	19.15
1970s	166	19.38
1970s	167	19.62
1970s	168	19.82
1970s	169	20.10
1970s	170	20.36
1970s	171	20.64
1970s	172	20.93
1970s	173	21.23
1970s	174	21.52
1970s	175	21.81
1970s	176	22.07
1970s	177	22.37
1970s	178	22.46
1970s	179	22.73
1970s	180	23.01
1970s	181	23.32
1970s	182	23.63
1970s	183	23.91
1970s	184	24.22
1970s	185	24.52
1970s	186	24.83
1970s	187	25.14
1970s	188	25.40
1970s	189	25.68
1970s	190	25.96
1970s	191	26.25
1970s	192	26.47
1970s	193	26.75
1970s	194	26.97
1970s	195	27.24
1970s	196	27.54
1970s	197	27.81
1970s	198	28.10
1970s	199	28.39
1970s	200	28.67
1970s	201	28.96
1970s	202	29.25
1970s	203	29.55
1970s	204	29.78
1970s	205	30.08
1970s	206	30.32
1970s	207	30.61
1970s	208	30.91
1970s	209	31.19
1970s	210	31.49
1970s	211	31.79
1970s	212	32.01
1970s	213	32.32
1970s	214	32.62
1970s	215	32.93
1970s	216	33.20
1970s	217	33.50
1970s	218	33.80
1970s	219	34.05
1970s	220	34.35
1970s	221	34.65
1970s	222	34.96
1970s	223	35.25
1970s	224	35.52
1970s	225	35.82
1970s	226	36.11
1970s	227	36.42
1970s	228	36.72
1970s	229	36.97
1970s	230	37.22
1970s	231	37.46
1970s	232	37.78
1970s	233	38.09
1970s	234	38.39
1970s	235	38.71
1970s	236	39.00
1970s	237	39.32
1970s	238	39.63
1970s	239	39.96
1970s	240	40.22
1970s	241	40.51
1970s	242	40.79
1970s	243	41.13
1970s	244	41.40
1970s	245	41.66
1970s	246	41.96
1970s	247	42.30
1970s	248	42.62
1970s	249	42.95
1970s	250	43.28
1970s	251	43.55
1970s	252	43.87
1970s	253	44.20
1970s	254	44.48
1970s	255	44.76
1970s	256	45.08
1970s	257	45.38
1970s	258	45.70
1970s	259	45.95
1970s	260	46.21
1970s	261	46.53
1970s	262	46.83
1970s	263	47.12
1970s	264	47.40
1970s	265	47.71
1970s	266	47.97
1970s	267	48.23
1970s	268	48.53
1970s	269	48.82
1970s	270	49.12
1970s	271	49.41
1970s	272	49.68
1970s	273	49.98
1970s	274	50.25
1970s	275	50.53
1970s	276	50.82
1970s	277	51.12
1970s	278	51.39
1970s	279	51.65
1970s	280	51.94
1970s	281	52.22
1970s	282	52.50
1970s	283	52.77
1970s	284	53.01
1970s	285	53.29
1970s	286	53.57
1970s	287	53.85
1970s	288	54.08
1970s	289	54.35
1970s	290	54.62
1970s	291	54.88
1970s	292	55.16
1970s	293	55.42
1970s	294	55.68
1970s	295	55.93
1970s	296	56.17
1970s	297	56.40
1970s	298	56.66
1970s	299	56.89
1970s	300	57.13
1970s	301	57.37
1970s	302	57.59
1970s	303	57.84
1970s	304	58.09
1970s	305	58.33
1970s	306	58.55
1970s	307	58.76
1970s	308	58.96
1970s	309	59.18
1970s	310	59.43
1970s	311	59.68
1970s	312	59.92
1970s	313	60.17
1970s	314	60.38
1970s	315	60.61
1970s	316	60.84
1970s	317	61.07
1970s	318	61.30
1970s	319	61.55
1970s	320	61.77
1970s	321	62.02
1970s	322	62.26
1970s	323	62.50
1970s	324	62.74
1970s	325	62.97
1970s	326	63.09
1970s	327	63.26
1970s	328	63.43
1970s	329	63.61
1970s	330	63.80
1970s	331	63.99
1970s	332	64.17
1970s	333	64.36
1970s	334	64.52
1970s	335	64.70
1970s	336	64.87
1970s	337	65.06
1970s	338	65.19
1970s	339	65.36
1970s	340	65.54
1970s	341	65.73
1970s	342	65.92
1970s	343	66.11
1970s	344	66.29
1970s	345	66.48
1970s	346	66.66
1970s	347	66.84
1970s	348	67.00
1970s	349	67.20
1970s	350	67.39
1970s	351	67.55
1970s	352	67.75
1970s	353	67.93
1970s	354	68.12
1970s	355	68.32
1970s	356	68.49
1970s	357	68.68
1970s	358	68.87
1970s	359	69.06
1970s	360	69.23
1970s	361	69.42
1970s	362	69.55
1970s	363	69.73
1970s	364	69.93
1970s	365	70.12
1970s	366	70.31
1970s	367	70.49
1970s	368	70.66
1970s	369	70.84
1970s	370	71.02
1970s	371	71.20
1970s	372	71.39
1970s	373	71.58
1970s	374	71.74
1970s	375	71.92
1970s	376	72.11
1970s	377	72.29
1970s	378	72.48
1970s	379	72.66
1970s	380	72.83
1970s	381	73.01
1970s	382	73.19
1970s	383	73.37
1970s	384	73.53
1970s	385	73.70
1970s	386	73.86
1970s	387	74.03
1970s	388	74.21
1970s	389	74.38
1970s	390	74.56
1970s	391	74.73
1970s	392	74.91
1970s	393	75.08
1970s	394	75.24
1970s	395	75.42
1970s	396	75.59
1970s	397	75.78
1970s	398	75.91
1970s	399	76.05
1970s	400	76.23
1970s	401	76.41
1970s	402	76.58
1970s	403	76.76
1970s	404	76.91
1970s	405	77.08
1970s	406	77.24
1970s	407	77.40
1970s	408	77.55
1970s	409	77.72
1970s	410	77.87
1970s	411	78.02
1970s	412	78.17
1970s	413	78.32
1970s	414	78.48
1970s	415	78.63
1970s	416	78.77
1970s	417	78.92
1970s	418	79.07
1970s	419	79.22
1970s	420	79.36
1970s	421	79.51
1970s	422	79.65
1970s	423	79.79
1970s	424	79.94
1970s	425	80.08
1970s	426	80.23
1970s	427	80.38
1970s	428	80.51
1970s	429	80.65
1970s	430	80.78
1970s	431	80.92
1970s	432	80.98
1970s	433	81.11
1970s	434	81.25
1970s	435	81.37
1970s	436	81.50
1970s	437	81.62
1970s	438	81.75
1970s	439	81.88
1970s	440	82.00
1970s	441	82.12
1970s	442	82.23
1970s	443	82.35
1970s	444	82.46
1970s	445	82.58
1970s	446	82.70
1970s	447	82.81
1970s	448	82.94
1970s	449	83.05
1970s	450	83.17
1970s	451	83.28
1970s	452	83.38
1970s	453	83.50
1970s	454	83.60
1970s	455	83.70
1970s	456	83.80
1970s	457	83.91
1970s	458	84.00
1970s	459	84.09
1970s	460	84.20
1970s	461	84.31
1970s	462	84.41
1970s	463	84.52
1970s	464	84.61
1970s	465	84.71
1970s	466	84.80
1970s	467	84.90
1970s	468	84.94
1970s	469	85.04
1970s	470	85.14
1970s	471	85.23
1970s	472	85.33
1970s	473	85.42
1970s	474	85.51
1970s	475	85.60
1970s	476	85.69
1970s	477	85.78
1970s	478	85.86
1970s	479	85.95
1970s	480	86.03
1970s	481	86.12
1970s	482	86.20
1970s	483	86.28
1970s	484	86.37
1970s	485	86.44
1970s	486	86.52
1970s	487	86.59
1970s	488	86.67
1970s	489	86.75
1970s	490	86.83
1970s	491	86.90
1970s	492	86.97
1970s	493	87.05
1970s	494	87.13
1970s	495	87.20
1970s	496	87.28
1970s	497	87.35
1970s	498	87.43
1970s	499	87.50
1970s	500	87.56
1970s	501	87.63
1970s	502	87.70
1970s	503	87.76
1970s	504	87.78
1970s	505	87.85
1970s	506	87.92
1970s	507	87.99
1970s	508	88.06
1970s	509	88.12
1970s	510	88.19
1970s	511	88.26
1970s	512	88.32
1970s	513	88.39
1970s	514	88.46
1970s	515	88.53
1970s	516	88.59
1970s	517	88.65
1970s	518	88.72
1970s	519	88.78
1970s	520	88.84
1980s	0	0.00
1980s	1	0.00
1980s	2	0.00
1980s	3	0.00
1980s	4	0.01
1980s	5	0.01
1980s	6	0.02
1980s	7	0.02
1980s	8	0.03
1980s	9	0.04
1980s	10	0.04
1980s	11	0.05
1980s	12	0.05
1980s	13	0.06
1980s	14	0.07
1980s	15	0.07
1980s	16	0.08
1980s	17	0.09
1980s	18	0.10
1980s	19	0.11
1980s	20	0.12
1980s	21	0.12
1980s	22	0.13
1980s	23	0.14
1980s	24	0.15
1980s	25	0.16
1980s	26	0.17
1980s	27	0.18
1980s	28	0.20
1980s	29	0.21
1980s	30	0.22
1980s	31	0.23
1980s	32	0.25
1980s	33	0.26
1980s	34	0.28
1980s	35	0.29
1980s	36	0.31
1980s	37	0.34
1980s	38	0.36
1980s	39	0.41
1980s	40	0.45
1980s	41	0.49
1980s	42	0.53
1980s	43	0.58
1980s	44	0.63
1980s	45	0.67
1980s	46	0.72
1980s	47	0.76
1980s	48	0.80
1980s	49	0.85
1980s	50	0.90
1980s	51	0.94
1980s	52	0.99
1980s	53	1.03
1980s	54	1.07
1980s	55	1.11
1980s	56	1.15
1980s	57	1.18
1980s	58	1.21
1980s	59	1.23
1980s	60	1.26
1980s	61	1.29
1980s	62	1.32
1980s	63	1.35
1980s	64	1.37
1980s	65	1.40
1980s	66	1.42
1980s	67	1.45
1980s	68	1.49
1980s	69	1.52
1980s	70	1.55
1980s	71	1.58
1980s	72	1.63
1980s	73	1.69
1980s	74	1.78
1980s	75	1.88
1980s	76	1.97
1980s	77	2.07
1980s	78	2.17
1980s	79	2.29
1980s	80	2.38
1980s	81	2.51
1980s	82	2.59
1980s	83	2.71
1980s	84	2.84
1980s	85	2.96
1980s	86	3.06
1980s	87	3.20
1980s	88	3.34
1980s	89	3.49
1980s	90	3.65
1980s	91	3.78
1980s	92	3.88
1980s	93	4.04
1980s	94	4.20
1980s	95	4.37
1980s	96	4.55
1980s	97	4.73
1980s	98	4.92
1980s	99	5.19
1980s	100	5.46
1980s	101	5.77
1980s	102	6.10
1980s	103	6.42
1980s	104	6.70
1980s	105	7.04
1980s	106	7.38
1980s	107	7.71
1980s	108	8.05
1980s	109	8.39
1980s	110	8.67
1980s	111	9.02
1980s	112	9.34
1980s	113	9.70
1980s	114	10.06
1980s	115	10.43
1980s	116	10.76
1980s	117	11.09
1980s	118	11.41
1980s	119	11.80
1980s	120	12.21
1980s	121	12.61
1980s	122	13.00
1980s	123	13.43
1980s	124	13.80
1980s	125	14.22
1980s	126	14.63
1980s	127	15.07
1980s	128	15.50
1980s	129	15.94
1980s	130	16.24
1980s	131	16.72
1980s	132	17.24
1980s	133	17.73
1980s	134	18.26
1980s	135	18.82
1980s	136	19.26
1980s	137	19.79
1980s	138	20.32
1980s	139	20.85
1980s	140	21.35
1980s	141	21.89
1980s	142	22.43
1980s	143	22.95
1980s	144	23.49
1980s	145	24.04
1980s	146	24.61
1980s	147	25.16
1980s	148	25.65
1980s	149	26.24
1980s	150	26.83
1980s	151	27.43
1980s	152	27.89
1980s	153	28.49
1980s	154	29.08
1980s	155	29.66
1980s	156	30.27
1980s	157	30.85
1980s	158	31.45
1980s	159	32.06
1980s	160	32.61
1980s	161	33.20
1980s	162	33.78
1980s	163	34.40
1980s	164	34.99
1980s	165	35.59
1980s	166	36.01
1980s	167	36.59
1980s	168	37.19
1980s	169	37.78
1980s	170	38.38
1980s	171	38.95
1980s	172	39.46
1980s	173	40.02
1980s	174	40.59
1980s	175	41.16
1980s	176	41.66
1980s	177	42.24
1980s	178	42.72
1980s	179	43.25
1980s	180	43.82
1980s	181	44.35
1980s	182	44.90
1980s	183	45.44
1980s	184	45.96
1980s	185	46.50
1980s	186	47.03
1980s	187	47.53
1980s	188	48.06
1980s	189	48.61
1980s	190	49.13
1980s	191	49.64
1980s	192	50.07
1980s	193	50.58
1980s	194	51.12
1980s	195	51.65
1980s	196	52.12
1980s	197	52.62
1980s	198	53.15
1980s	199	53.67
1980s	200	54.11
1980s	201	54.64
1980s	202	55.12
1980s	203	55.51
1980s	204	56.01
1980s	205	56.48
1980s	206	56.96
1980s	207	57.43
1980s	208	57.87
1980s	209	58.32
1980s	210	58.75
1980s	211	59.18
1980s	212	59.56
1980s	213	60.00
1980s	214	60.35
1980s	215	60.77
1980s	216	61.21
1980s	217	61.63
1980s	218	62.07
1980s	219	62.51
1980s	220	62.88
1980s	221	63.29
1980s	222	63.69
1980s	223	64.08
1980s	224	64.35
1980s	225	64.71
1980s	226	65.05
1980s	227	65.33
1980s	228	65.65
1980s	229	65.99
1980s	230	66.35
1980s	231	66.69
1980s	232	67.00
1980s	233	67.33
1980s	234	67.62
1980s	235	67.91
1980s	236	68.21
1980s	237	68.53
1980s	238	68.76
1980s	239	69.02
1980s	240	69.28
1980s	241	69.54
1980s	242	69.82
1980s	243	70.08
1980s	244	70.30
1980s	245	70.55
1980s	246	70.80
1980s	247	71.01
1980s	248	71.20
1980s	249	71.42
1980s	250	71.63
1980s	251	71.86
1980s	252	72.10
1980s	253	72.33
1980s	254	72.56
1980s	255	72.79
1980s	256	73.00
1980s	257	73.19
1980s	258	73.40
1980s	259	73.62
1980s	260	73.83
1980s	261	74.04
1980s	262	74.24
1980s	263	74.43
1980s	264	74.64
1980s	265	74.84
1980s	266	75.05
1980s	267	75.25
1980s	268	75.45
1980s	269	75.66
1980s	270	75.83
1980s	271	76.03
1980s	272	76.22
1980s	273	76.42
1980s	274	76.62
1980s	275	76.81
1980s	276	77.01
1980s	277	77.23
1980s	278	77.46
1980s	279	77.67
1980s	280	77.88
1980s	281	78.09
1980s	282	78.29
1980s	283	78.50
1980s	284	78.70
1980s	285	78.91
1980s	286	79.09
1980s	287	79.28
1980s	288	79.49
1980s	289	79.69
1980s	290	79.89
1980s	291	80.09
1980s	292	80.28
1980s	293	80.48
1980s	294	80.67
1980s	295	80.87
1980s	296	81.02
1980s	297	81.19
1980s	298	81.35
1980s	299	81.54
1980s	300	81.72
1980s	301	81.90
1980s	302	82.07
1980s	303	82.25
1980s	304	82.40
1980s	305	82.57
1980s	306	82.73
1980s	307	82.89
1980s	308	83.04
1980s	309	83.19
1980s	310	83.33
1980s	311	83.45
1980s	312	83.58
1980s	313	83.71
1980s	314	83.85
1980s	315	83.99
1980s	316	84.11
1980s	317	84.24
1980s	318	84.38
1980s	319	84.50
1980s	320	84.59
1980s	321	84.73
1980s	322	84.86
1980s	323	84.97
1980s	324	85.10
1980s	325	85.22
1980s	326	85.34
1980s	327	85.46
1980s	328	85.56
1980s	329	85.67
1980s	330	85.78
1980s	331	85.90
1980s	332	85.98
1980s	333	86.12
1980s	334	86.23
1980s	335	86.35
1980s	336	86.47
1980s	337	86.59
1980s	338	86.72
1980s	339	86.84
1980s	340	86.95
1980s	341	87.08
1980s	342	87.17
1980s	343	87.25
1980s	344	87.32
1980s	345	87.44
1980s	346	87.55
1980s	347	87.66
1980s	348	87.77
1980s	349	87.88
1980s	350	87.99
1980s	351	88.11
1980s	352	88.22
1980s	353	88.33
1980s	354	88.43
1980s	355	88.53
1980s	356	88.59
1980s	357	88.67
1980s	358	88.77
1980s	359	88.87
1980s	360	88.97
1980s	361	89.06
1980s	362	89.14
1980s	363	89.22
1980s	364	89.29
1980s	365	89.37
1980s	366	89.46
1980s	367	89.52
1980s	368	89.58
1980s	369	89.66
1980s	370	89.74
1980s	371	89.81
1980s	372	89.90
1980s	373	89.98
1980s	374	90.06
1980s	375	90.13
1980s	376	90.20
1980s	377	90.28
1980s	378	90.35
1980s	379	90.43
1980s	380	90.49
1980s	381	90.55
1980s	382	90.62
1980s	383	90.67
1980s	384	90.72
1980s	385	90.77
1980s	386	90.82
1980s	387	90.87
1980s	388	90.93
1980s	389	90.99
1980s	390	91.05
1980s	391	91.11
1980s	392	91.16
1980s	393	91.23
1980s	394	91.31
1980s	395	91.39
1980s	396	91.47
1980s	397	91.53
1980s	398	91.61
1980s	399	91.67
1980s	400	91.74
1980s	401	91.80
1980s	402	91.87
1980s	403	91.91
1980s	404	91.98
1980s	405	92.04
1980s	406	92.11
1980s	407	92.17
1980s	408	92.24
1990s	0	0.00
1990s	1	0.01
1990s	2	0.02
1990s	3	0.02
1990s	4	0.03
1990s	5	0.03
1990s	6	0.05
1990s	7	0.06
1990s	8	0.08
1990s	9	0.10
1990s	10	0.13
1990s	11	0.15
1990s	12	0.18
1990s	13	0.20
1990s	14	0.23
1990s	15	0.25
1990s	16	0.28
1990s	17	0.30
1990s	18	0.32
1990s	19	0.34
1990s	20	0.36
1990s	21	0.39
1990s	22	0.41
1990s	23	0.44
1990s	24	0.45
1990s	25	0.48
1990s	26	0.50
1990s	27	0.53
1990s	28	0.55
1990s	29	0.57
1990s	30	0.60
1990s	31	0.63
1990s	32	0.66
1990s	33	0.71
1990s	34	0.76
1990s	35	0.81
1990s	36	0.85
1990s	37	0.89
1990s	38	0.95
1990s	39	1.01
1990s	40	1.06
1990s	41	1.11
1990s	42	1.18
1990s	43	1.25
1990s	44	1.29
1990s	45	1.37
1990s	46	1.47
1990s	47	1.56
1990s	48	1.66
1990s	49	1.75
1990s	50	1.86
1990s	51	1.96
1990s	52	2.08
1990s	53	2.21
1990s	54	2.34
1990s	55	2.44
1990s	56	2.57
1990s	57	2.74
1990s	58	2.91
1990s	59	3.10
1990s	60	3.27
1990s	61	3.43
1990s	62	3.60
1990s	63	3.78
1990s	64	3.96
1990s	65	4.14
1990s	66	4.34
1990s	67	4.55
1990s	68	4.76
1990s	69	5.02
1990s	70	5.30
1990s	71	5.60
1990s	72	5.92
1990s	73	6.23
1990s	74	6.53
1990s	75	6.85
1990s	76	7.17
1990s	77	7.51
1990s	78	7.86
1990s	79	8.20
1990s	80	8.52
1990s	81	8.86
1990s	82	9.20
1990s	83	9.56
1990s	84	9.94
1990s	85	10.29
1990s	86	10.64
1990s	87	11.00
1990s	88	11.36
1990s	89	11.69
1990s	90	12.03
1990s	91	12.37
1990s	92	12.71
1990s	93	13.09
1990s	94	13.47
1990s	95	13.87
1990s	96	14.27
1990s	97	14.62
1990s	98	15.00
1990s	99	15.38
1990s	100	15.72
1990s	101	16.11
1990s	102	16.50
1990s	103	16.85
1990s	104	17.20
1990s	105	17.60
1990s	106	17.99
1990s	107	18.39
1990s	108	18.78
1990s	109	19.14
1990s	110	19.54
1990s	111	19.94
1990s	112	20.35
1990s	113	20.77
1990s	114	21.24
1990s	115	21.69
1990s	116	22.13
1990s	117	22.62
1990s	118	23.12
1990s	119	23.67
1990s	120	24.20
1990s	121	24.70
1990s	122	25.24
1990s	123	25.72
1990s	124	26.24
1990s	125	26.71
1990s	126	27.29
1990s	127	27.82
1990s	128	28.32
1990s	129	28.87
1990s	130	29.41
1990s	131	29.97
1990s	132	30.53
1990s	133	31.01
1990s	134	31.55
1990s	135	32.09
1990s	136	32.59
1990s	137	33.10
1990s	138	33.68
1990s	139	34.23
1990s	140	34.73
1990s	141	35.29
1990s	142	35.80
1990s	143	36.35
1990s	144	36.87
1990s	145	37.35
1990s	146	37.81
1990s	147	38.34
1990s	148	38.85
1990s	149	39.32
1990s	150	39.85
1990s	151	40.36
1990s	152	40.80
1990s	153	41.31
1990s	154	41.82
1990s	155	42.32
1990s	156	42.81
1990s	157	43.26
1990s	158	43.77
1990s	159	44.25
1990s	160	44.71
1990s	161	45.11
1990s	162	45.60
1990s	163	46.05
1990s	164	46.46
1990s	165	46.92
1990s	166	47.37
1990s	167	47.85
1990s	168	48.33
1990s	169	48.77
1990s	170	49.25
1990s	171	49.71
1990s	172	50.18
1990s	173	50.63
1990s	174	51.11
1990s	175	51.53
1990s	176	51.96
1990s	177	52.42
1990s	178	52.86
1990s	179	53.25
1990s	180	53.64
1990s	181	54.03
1990s	182	54.46
1990s	183	54.88
1990s	184	55.31
1990s	185	55.67
1990s	186	56.09
1990s	187	56.51
1990s	188	56.91
1990s	189	57.30
1990s	190	57.69
1990s	191	58.09
1990s	192	58.49
1990s	193	58.84
1990s	194	59.23
1990s	195	59.56
1990s	196	59.92
1990s	197	60.26
1990s	198	60.64
1990s	199	61.01
1990s	200	61.36
1990s	201	61.71
1990s	202	62.08
1990s	203	62.47
1990s	204	62.85
1990s	205	63.19
1990s	206	63.57
1990s	207	63.94
1990s	208	64.28
1990s	209	64.62
1990s	210	64.99
1990s	211	65.31
1990s	212	65.64
1990s	213	65.99
1990s	214	66.34
1990s	215	66.67
1990s	216	67.02
1990s	217	67.33
1990s	218	67.65
1990s	219	67.95
1990s	220	68.27
1990s	221	68.55
1990s	222	68.86
1990s	223	69.14
1990s	224	69.42
1990s	225	69.74
1990s	226	70.04
1990s	227	70.37
1990s	228	70.68
1990s	229	70.95
1990s	230	71.26
1990s	231	71.51
1990s	232	71.78
1990s	233	72.02
1990s	234	72.31
1990s	235	72.57
1990s	236	72.79
1990s	237	73.05
1990s	238	73.31
1990s	239	73.58
1990s	240	73.84
1990s	241	74.07
1990s	242	74.33
1990s	243	74.58
1990s	244	74.82
1990s	245	75.04
1990s	246	75.28
1990s	247	75.47
1990s	248	75.67
1990s	249	75.91
1990s	250	76.14
1990s	251	76.38
1990s	252	76.61
1990s	253	76.83
1990s	254	77.05
1990s	255	77.26
1990s	256	77.46
1990s	257	77.65
1990s	258	77.86
1990s	259	78.06
1990s	260	78.22
1990s	261	78.42
1990s	262	78.62
1990s	263	78.83
1990s	264	79.03
1990s	265	79.21
1990s	266	79.39
1990s	267	79.57
1990s	268	79.76
1990s	269	79.94
1990s	270	80.11
1990s	271	80.29
1990s	272	80.43
1990s	273	80.62
1990s	274	80.79
1990s	275	80.98
1990s	276	81.16
1990s	277	81.31
1990s	278	81.49
1990s	279	81.65
1990s	280	81.83
1990s	281	82.01
1990s	282	82.19
1990s	283	82.36
1990s	284	82.51
1990s	285	82.67
1990s	286	82.85
1990s	287	83.04
1990s	288	83.23
1990s	289	83.40
1990s	290	83.58
1990s	291	83.76
1990s	292	83.91
1990s	293	84.05
1990s	294	84.24
1990s	295	84.42
1990s	296	84.60
1990s	297	84.79
2000s	0	0.01
2000s	1	0.03
2000s	2	0.05
2000s	3	0.07
2000s	4	0.08
2000s	5	0.10
2000s	6	0.15
2000s	7	0.22
2000s	8	0.32
2000s	9	0.44
2000s	10	0.63
2000s	11	0.81
2000s	12	0.95
2000s	13	1.09
2000s	14	1.25
2000s	15	1.42
2000s	16	1.58
2000s	17	1.78
2000s	18	1.98
2000s	19	2.25
2000s	20	2.53
2000s	21	2.83
2000s	22	3.14
2000s	23	3.45
2000s	24	3.73
2000s	25	4.02
2000s	26	4.32
2000s	27	4.64
2000s	28	4.90
2000s	29	5.20
2000s	30	5.44
2000s	31	5.72
2000s	32	6.00
2000s	33	6.28
2000s	34	6.58
2000s	35	6.90
2000s	36	7.19
2000s	37	7.51
2000s	38	7.84
2000s	39	8.19
2000s	40	8.47
2000s	41	8.75
2000s	42	9.04
2000s	43	9.37
2000s	44	9.74
2000s	45	10.13
2000s	46	10.51
2000s	47	10.90
2000s	48	11.24
2000s	49	11.59
2000s	50	11.94
2000s	51	12.26
2000s	52	12.61
2000s	53	12.96
2000s	54	13.28
2000s	55	13.55
2000s	56	13.82
2000s	57	14.12
2000s	58	14.46
2000s	59	14.79
2000s	60	15.10
2000s	61	15.45
2000s	62	15.79
2000s	63	16.12
2000s	64	16.35
2000s	65	16.67
2000s	66	17.00
2000s	67	17.33
2000s	68	17.66
2000s	69	17.99
2000s	70	18.34
2000s	71	18.71
2000s	72	19.06
2000s	73	19.43
2000s	74	19.77
2000s	75	20.17
2000s	76	20.53
2000s	77	20.93
2000s	78	21.28
2000s	79	21.63
2000s	80	22.13
2000s	81	22.64
2000s	82	23.17
2000s	83	23.61
2000s	84	24.01
2000s	85	24.47
2000s	86	24.93
2000s	87	25.30
2000s	88	25.63
2000s	89	26.04
2000s	90	26.44
2000s	91	26.85
2000s	92	27.30
2000s	93	27.74
2000s	94	28.22
2000s	95	28.70
2000s	96	29.17
2000s	97	29.73
2000s	98	30.26
2000s	99	30.81
2000s	100	31.41
2000s	101	32.11
2000s	102	32.71
2000s	103	33.27
2000s	104	33.88
2000s	105	34.52
2000s	106	35.18
2000s	107	35.77
2000s	108	36.43
2000s	109	37.12
2000s	110	37.75
2000s	111	38.32
2000s	112	38.91
2000s	113	39.65
2000s	114	40.36
2000s	115	41.12
2000s	116	41.92
2000s	117	42.67
2000s	118	43.40
2000s	119	44.12
2000s	120	44.80
2000s	121	45.50
2000s	122	46.18
2000s	123	46.89
2000s	124	47.60
2000s	125	48.31
2000s	126	48.93
2000s	127	49.48
2000s	128	50.17
2000s	129	50.82
2000s	130	51.48
2000s	131	52.21
2000s	132	52.84
2000s	133	53.48
2000s	134	54.12
2000s	135	54.66
2000s	136	55.29
2000s	137	55.96
2000s	138	56.60
2000s	139	57.26
2000s	140	57.92
2000s	141	58.58
2000s	142	59.24
2000s	143	59.94
2000s	144	60.58
2000s	145	61.28
2000s	146	61.95
2000s	147	62.60
2000s	148	63.17
2000s	149	63.78
2000s	150	64.42
2000s	151	64.88
2000s	152	65.48
2000s	153	66.05
2000s	154	66.64
2000s	155	67.22
2000s	156	67.74
2000s	157	68.31
2000s	158	68.89
2000s	159	69.47
2000s	160	69.99
2000s	161	70.57
2000s	162	71.05
2000s	163	71.47
2000s	164	71.89
2000s	165	72.42
2000s	166	72.99
2000s	167	73.53
2000s	168	73.99
2000s	169	74.51
2000s	170	75.01
2000s	171	75.48
2000s	172	75.96
2000s	173	76.46
2000s	174	76.92
2000s	175	77.32
2000s	176	77.81
2010s	0	0.04
2010s	1	0.10
2010s	2	0.23
2010s	3	0.46
2010s	4	0.70
2010s	5	1.03
2010s	6	1.40
2010s	7	1.81
2010s	8	2.18
2010s	9	2.61
2010s	10	3.12
2010s	11	3.63
2010s	12	4.15
2010s	13	4.57
2010s	14	4.97
2010s	15	5.23
2010s	16	5.64
2010s	17	6.26
2010s	18	6.86
2010s	19	7.47
2010s	20	8.10
2010s	21	8.72
2010s	22	9.24
2010s	23	9.78
2010s	24	10.20
2010s	25	10.57
2010s	26	11.08
2010s	27	11.48
2010s	28	12.06
2010s	29	12.65
2010s	30	13.16
2010s	31	13.79
2010s	32	14.49
2010s	33	15.27
2010s	34	16.02
2010s	35	16.94
2010s	36	17.84
2010s	37	18.45
2010s	38	19.32
2010s	39	20.17
2010s	40	20.87
2010s	41	21.78
2010s	42	22.66
2010s	43	23.52
2010s	44	24.47
2010s	45	25.43
2010s	46	26.41
2010s	47	27.42
2010s	48	28.35
2010s	49	29.24
2010s	50	30.17
All fields	0	0.00
All fields	1	0.00
All fields	2	0.00
All fields	3	0.00
All fields	4	0.01
All fields	5	0.01
All fields	6	0.01
All fields	7	0.01
All fields	8	0.01
All fields	9	0.02
All fields	10	0.02
All fields	11	0.02
All fields	12	0.03
All fields	13	0.03
All fields	14	0.04
All fields	15	0.04
All fields	16	0.04
All fields	17	0.05
All fields	18	0.05
All fields	19	0.05
All fields	20	0.06
All fields	21	0.06
All fields	22	0.06
All fields	23	0.07
All fields	24	0.07
All fields	25	0.08
All fields	26	0.08
All fields	27	0.08
All fields	28	0.09
All fields	29	0.09
All fields	30	0.09
All fields	31	0.09
All fields	32	0.09
All fields	33	0.09
All fields	34	0.10
All fields	35	0.10
All fields	36	0.10
All fields	37	0.11
All fields	38	0.11
All fields	39	0.12
All fields	40	0.12
All fields	41	0.13
All fields	42	0.13
All fields	43	0.14
All fields	44	0.14
All fields	45	0.16
All fields	46	0.17
All fields	47	0.19
All fields	48	0.21
All fields	49	0.24
All fields	50	0.26
All fields	51	0.29
All fields	52	0.32
All fields	53	0.35
All fields	54	0.37
All fields	55	0.40
All fields	56	0.43
All fields	57	0.46
All fields	58	0.48
All fields	59	0.50
All fields	60	0.52
All fields	61	0.56
All fields	62	0.59
All fields	63	0.62
All fields	64	0.66
All fields	65	0.69
All fields	66	0.72
All fields	67	0.76
All fields	68	0.79
All fields	69	0.83
All fields	70	0.85
All fields	71	0.87
All fields	72	0.89
All fields	73	0.92
All fields	74	0.95
All fields	75	0.98
All fields	76	1.01
All fields	77	1.04
All fields	78	1.08
All fields	79	1.13
All fields	80	1.16
All fields	81	1.20
All fields	82	1.24
All fields	83	1.28
All fields	84	1.30
All fields	85	1.34
All fields	86	1.38
All fields	87	1.42
All fields	88	1.46
All fields	89	1.50
All fields	90	1.53
All fields	91	1.57
All fields	92	1.61
All fields	93	1.64
All fields	94	1.68
All fields	95	1.72
All fields	96	1.76
All fields	97	1.79
All fields	98	1.84
All fields	99	1.88
All fields	100	1.92
All fields	101	1.97
All fields	102	2.02
All fields	103	2.08
All fields	104	2.13
All fields	105	2.19
All fields	106	2.24
All fields	107	2.30
All fields	108	2.35
All fields	109	2.38
All fields	110	2.43
All fields	111	2.48
All fields	112	2.53
All fields	113	2.58
All fields	114	2.63
All fields	115	2.68
All fields	116	2.73
All fields	117	2.78
All fields	118	2.83
All fields	119	2.89
All fields	120	2.94
All fields	121	3.00
All fields	122	3.03
All fields	123	3.08
All fields	124	3.12
All fields	125	3.18
All fields	126	3.23
All fields	127	3.28
All fields	128	3.33
All fields	129	3.39
All fields	130	3.44
All fields	131	3.49
All fields	132	3.54
All fields	133	3.59
All fields	134	3.64
All fields	135	3.69
All fields	136	3.73
All fields	137	3.79
All fields	138	3.85
All fields	139	3.90
All fields	140	3.96
All fields	141	4.03
All fields	142	4.09
All fields	143	4.16
All fields	144	4.22
All fields	145	4.29
All fields	146	4.35
All fields	147	4.41
All fields	148	4.48
All fields	149	4.55
All fields	150	4.62
All fields	151	4.69
All fields	152	4.76
All fields	153	4.83
All fields	154	4.90
All fields	155	4.98
All fields	156	5.05
All fields	157	5.12
All fields	158	5.19
All fields	159	5.27
All fields	160	5.35
All fields	161	5.43
All fields	162	5.51
All fields	163	5.59
All fields	164	5.66
All fields	165	5.73
All fields	166	5.81
All fields	167	5.89
All fields	168	5.96
All fields	169	6.04
All fields	170	6.12
All fields	171	6.21
All fields	172	6.30
All fields	173	6.39
All fields	174	6.48
All fields	175	6.57
All fields	176	6.65
All fields	177	6.74
All fields	178	6.78
All fields	179	6.86
All fields	180	6.95
All fields	181	7.05
All fields	182	7.14
All fields	183	7.23
All fields	184	7.33
All fields	185	7.43
All fields	186	7.54
All fields	187	7.65
All fields	188	7.75
All fields	189	7.85
All fields	190	7.96
All fields	191	8.06
All fields	192	8.15
All fields	193	8.26
All fields	194	8.34
All fields	195	8.45
All fields	196	8.56
All fields	197	8.67
All fields	198	8.77
All fields	199	8.89
All fields	200	9.00
All fields	201	9.12
All fields	202	9.24
All fields	203	9.36
All fields	204	9.45
All fields	205	9.57
All fields	206	9.68
All fields	207	9.80
All fields	208	9.93
All fields	209	10.05
All fields	210	10.18
All fields	211	10.33
All fields	212	10.45
All fields	213	10.61
All fields	214	10.78
All fields	215	10.94
All fields	216	11.08
All fields	217	11.25
All fields	218	11.41
All fields	219	11.56
All fields	220	11.72
All fields	221	11.89
All fields	222	12.04
All fields	223	12.21
All fields	224	12.36
All fields	225	12.53
All fields	226	12.70
All fields	227	12.88
All fields	228	13.05
All fields	229	13.20
All fields	230	13.35
All fields	231	13.52
All fields	232	13.71
All fields	233	13.90
All fields	234	14.09
All fields	235	14.29
All fields	236	14.47
All fields	237	14.67
All fields	238	14.86
All fields	239	15.07
All fields	240	15.25
All fields	241	15.45
All fields	242	15.60
All fields	243	15.82
All fields	244	16.03
All fields	245	16.23
All fields	246	16.45
All fields	247	16.68
All fields	248	16.88
All fields	249	17.11
All fields	250	17.34
All fields	251	17.54
All fields	252	17.76
All fields	253	17.99
All fields	254	18.21
All fields	255	18.42
All fields	256	18.66
All fields	257	18.89
All fields	258	19.13
All fields	259	19.35
All fields	260	19.56
All fields	261	19.81
All fields	262	20.05
All fields	263	20.29
All fields	264	20.50
All fields	265	20.75
All fields	266	20.99
All fields	267	21.22
All fields	268	21.48
All fields	269	21.73
All fields	270	21.99
All fields	271	22.25
All fields	272	22.50
All fields	273	22.76
All fields	274	23.01
All fields	275	23.28
All fields	276	23.55
All fields	277	23.83
All fields	278	24.04
All fields	279	24.30
All fields	280	24.59
All fields	281	24.87
All fields	282	25.16
All fields	283	25.44
All fields	284	25.69
All fields	285	25.97
All fields	286	26.25
All fields	287	26.53
All fields	288	26.78
All fields	289	27.08
All fields	290	27.34
All fields	291	27.62
All fields	292	27.94
All fields	293	28.24
All fields	294	28.56
All fields	295	28.89
All fields	296	29.19
All fields	297	29.50
All fields	298	29.82
All fields	299	30.13
All fields	300	30.45
All fields	301	30.79
All fields	302	31.10
All fields	303	31.41
All fields	304	31.72
All fields	305	32.04
All fields	306	32.37
All fields	307	32.70
All fields	308	33.00
All fields	309	33.32
All fields	310	33.65
All fields	311	33.98
All fields	312	34.28
All fields	313	34.61
All fields	314	34.91
All fields	315	35.20
All fields	316	35.53
All fields	317	35.85
All fields	318	36.18
All fields	319	36.52
All fields	320	36.82
All fields	321	37.15
All fields	322	37.47
All fields	323	37.77
All fields	324	38.07
All fields	325	38.39
All fields	326	38.64
All fields	327	38.93
All fields	328	39.23
All fields	329	39.53
All fields	330	39.84
All fields	331	40.15
All fields	332	40.43
All fields	333	40.74
All fields	334	41.03
All fields	335	41.33
All fields	336	41.60
All fields	337	41.92
All fields	338	42.22
All fields	339	42.50
All fields	340	42.82
All fields	341	43.15
All fields	342	43.50
All fields	343	43.84
All fields	344	44.16
All fields	345	44.50
All fields	346	44.80
All fields	347	45.13
All fields	348	45.43
All fields	349	45.78
All fields	350	46.10
All fields	351	46.41
All fields	352	46.75
All fields	353	47.08
All fields	354	47.43
All fields	355	47.78
All fields	356	48.07
All fields	357	48.41
All fields	358	48.74
All fields	359	49.05
All fields	360	49.35
All fields	361	49.70
All fields	362	50.01
All fields	363	50.33
All fields	364	50.68
All fields	365	51.01
All fields	366	51.35
All fields	367	51.68
All fields	368	51.99
All fields	369	52.28
All fields	370	52.61
All fields	371	52.94
All fields	372	53.24
All fields	373	53.57
All fields	374	53.88
All fields	375	54.17
All fields	376	54.49
All fields	377	54.80
All fields	378	55.12
All fields	379	55.43
All fields	380	55.73
All fields	381	56.05
All fields	382	56.35
All fields	383	56.65
All fields	384	56.92
All fields	385	57.22
All fields	386	57.51
All fields	387	57.79
All fields	388	58.09
All fields	389	58.39
All fields	390	58.71
All fields	391	59.02
All fields	392	59.32
All fields	393	59.63
All fields	394	59.92
All fields	395	60.23
All fields	396	60.53
All fields	397	60.84
All fields	398	61.11
All fields	399	61.38
All fields	400	61.68
All fields	401	61.96
All fields	402	62.24
All fields	403	62.51
All fields	404	62.77
All fields	405	63.06
All fields	406	63.34
All fields	407	63.62
All fields	408	63.85
All fields	409	64.13
All fields	410	64.40
All fields	411	64.66
All fields	412	64.92
All fields	413	65.18
All fields	414	65.45
All fields	415	65.72
All fields	416	65.95
All fields	417	66.21
All fields	418	66.44
All fields	419	66.69
All fields	420	66.93
All fields	421	67.18
All fields	422	67.42
All fields	423	67.65
All fields	424	67.90
All fields	425	68.15
All fields	426	68.41
All fields	427	68.66
All fields	428	68.90
All fields	429	69.15
All fields	430	69.39
All fields	431	69.62
All fields	432	69.81
All fields	433	70.05
All fields	434	70.28
All fields	435	70.50
All fields	436	70.73
All fields	437	70.96
All fields	438	71.19
All fields	439	71.42
All fields	440	71.63
All fields	441	71.86
All fields	442	72.07
All fields	443	72.30
All fields	444	72.50
All fields	445	72.74
All fields	446	72.95
All fields	447	73.16
All fields	448	73.39
All fields	449	73.62
All fields	450	73.85
All fields	451	74.08
All fields	452	74.29
All fields	453	74.52
All fields	454	74.71
All fields	455	74.90
All fields	456	75.09
All fields	457	75.31
All fields	458	75.51
All fields	459	75.70
All fields	460	75.92
All fields	461	76.13
All fields	462	76.34
All fields	463	76.56
All fields	464	76.75
All fields	465	76.95
All fields	466	77.15
All fields	467	77.34
All fields	468	77.50
All fields	469	77.69
All fields	470	77.87
All fields	471	78.03
All fields	472	78.23
All fields	473	78.42
All fields	474	78.61
All fields	475	78.80
All fields	476	78.98
All fields	477	79.17
All fields	478	79.35
All fields	479	79.51
All fields	480	79.68
All fields	481	79.86
All fields	482	80.04
All fields	483	80.19
All fields	484	80.37
All fields	485	80.54
All fields	486	80.72
All fields	487	80.90
All fields	488	81.07
All fields	489	81.24
All fields	490	81.41
All fields	491	81.59
All fields	492	81.74
All fields	493	81.90
All fields	494	82.06
All fields	495	82.19
All fields	496	82.35
All fields	497	82.50
All fields	498	82.66
All fields	499	82.81
All fields	500	82.95
All fields	501	83.11
All fields	502	83.26
All fields	503	83.43
All fields	504	83.56
All fields	505	83.73
All fields	506	83.89
All fields	507	84.02
All fields	508	84.17
All fields	509	84.33
All fields	510	84.50
All fields	511	84.67
All fields	512	84.81
All fields	513	84.98
All fields	514	85.14
All fields	515	85.28
All fields	516	85.42
All fields	517	85.58
All fields	518	85.74
All fields	519	85.89
All fields	520	86.05
